STU ID,Honor Class,High School,TOEFL score,Math-101,Phys-101,Chem-101,Engl-101,Prog-101
204000000,3,Third,54,D+,D+,D+,D+,D+
204000001,2,Second,94,B,B,B,C+,B+
204000002,3,Third,55,D,C,D+,D+,F
204000003,3,Third,85,D,C,D+,D+,F
204000004,3,Third,50,F,D+,D+,D,D+
204000005,2,Second,76,C,B,C+,B,C
204000006,2,Second,116,B+,B+,B,B,B+
204000007,2,Second,70,C,C,C+,B+,C+
204000008,1,First,99,A+,A+,A,A+,A
204000009,2,Second,84,B+,B+,C,B,C
204000010,3,Second,88,B,B+,B+,C,C+
204000011,1,First,103,A+,A+,A,A+,A
204000012,2,Second,75,B,C+,B,C,B+
204000013,1,First,114,A+,A,B+,A+,A
204000014,2,Second,85,B,B+,C+,B+,C
204000015,2,Second,75,B+,C+,B+,C,B
204000016,1,First,95,A,A,B+,A+,A
204000017,1,First,98,A+,A+,B+,A,A
204000018,3,Second,107,B+,C+,B,B+,B+
204000019,3,Third,56,D,C,C,D+,D+
204000020,3,Second,87,B,B+,B+,B+,B
204000021,3,Third,77,D,D+,C,C,F
204000022,3,Third,66,F,D+,C,F,D
204000023,1,First,115,A,A+,B+,A+,A
204000024,2,Second,120,B+,C+,B+,B+,C
204000025,3,Third,62,C,D,C,F,F
204000026,1,First,96,A,A,A+,A,A
204000027,1,First,120,A,A,A,A,A
204000028,1,First,95,A,A+,A,A,B+
204000029,1,First,112,A,A+,A,A+,A+
204000030,1,First,100,A,A,A+,A,A+
204000031,1,First,100,A,A+,A,A+,A+
204000032,1,First,117,A,A+,A+,A+,A
204000033,1,First,102,A,A,A,A,A
204000034,1,First,99,A+,A,A,A+,B+
204000035,1,First,117,A,A+,B+,A,B+
204000036,3,Third,55,C,D,D+,F,F
204000037,3,Third,83,F,C,D,D,D
204000038,2,Second,119,B+,C+,C,B,B
204000039,3,Second,116,B+,B,C,C,C+
204000040,3,Third,53,D+,C,D,F,C
204000041,3,Third,53,C,F,C,C,C
204000042,3,Third,61,D,D,D,C,D
204000043,1,First,97,A,A+,A,A,A+
204000044,1,First,106,A,A,A,A,B+
204000045,2,Second,119,B,B,C+,C,B+
204000046,1,First,103,A+,A,B+,A+,A+
204000047,3,Third,69,D,D,D+,D,C
204000048,2,Second,70,C,C+,C,B+,C+
204000049,3,Third,66,D+,D,C,D,D+
204000050,1,First,106,A,A+,B+,A,A
204000051,1,First,107,A+,A+,A+,A,B+
204000052,1,First,103,A+,A+,B+,A+,A
204000053,3,Third,76,C,C,C,D+,D+
204000054,1,First,104,A,A,A+,A+,A+
204000055,1,First,120,A,A,B+,A,A
204000056,3,Third,88,C,D,F,F,D+
204000057,3,Second,99,C+,B,B+,B+,B+
204000058,3,Third,54,D+,F,F,D,D
204000059,3,Third,58,C,D+,F,D+,D+
204000060,1,First,97,A,A+,A+,A+,A+
204000061,3,Third,54,F,C,D+,D+,D+
204000062,2,Second,83,B,B+,B+,B+,B+
204000063,1,First,108,A,A+,A,A+,B+
204000064,2,Second,104,C+,B+,C+,C,C
204000065,1,First,114,A+,A+,A,A,A
204000066,1,First,94,A,A,A,A+,A+
204000067,1,First,95,A,A,A+,A+,B+
204000068,2,Second,113,C,B+,B,B,C
204000069,3,Second,79,B+,C,C+,B,B
204000070,3,Third,80,D+,D,D,F,C
204000071,3,Second,79,C,B,C,B+,B+
204000072,3,Second,86,C+,B,C+,C,B+
204000073,3,Third,86,D,D+,C,D+,F
204000074,3,Third,55,D+,F,C,D,D
204000075,2,Second,107,B+,C+,C+,B,C+
204000076,3,Third,87,C,F,F,D+,C
204000077,3,Second,81,B,B+,B+,B,C
204000078,3,Third,75,C,D,C,C,D
204000079,3,Second,80,B,C+,C,B+,C+
204000080,3,Third,66,D,F,C,C,D+
204000081,1,First,119,A+,A,B+,A,B+
204000082,2,Second,90,C,C+,B,C+,C+
204000083,3,Third,65,C,F,C,F,D
204000084,2,Second,90,B,B,B,C,C
204000085,3,Third,51,D,D+,D+,D,C
204000086,1,First,108,A,A,A,A,A+
204000087,3,Second,91,B+,C,B+,C+,C
204000088,3,Third,50,D,F,F,F,F
204000089,3,Third,75,F,D+,D+,F,F
204000090,3,Second,113,B,B+,C+,B+,C
204000091,2,Second,79,B,B+,C+,C,C
204000092,1,First,119,A,A+,A,A,A+
204000093,3,Third,57,D+,D+,C,D+,C
204000094,1,First,119,A+,A,A+,A+,B+
204000095,2,Second,90,B,C+,B+,B,B
204000096,3,Third,72,D,D+,D,D,F
204000097,1,First,119,A+,A+,A,A+,A
204000098,2,Second,106,B,C,B+,B,C+
204000099,1,First,118,A,A,B+,A+,B+
204000100,3,Third,88,D,D+,C,D,D
204000101,1,First,102,A+,A+,A,A+,B+
204000102,1,First,101,A,A+,A+,A,A+
204000103,3,Second,87,B+,C,C,B+,C+
204000104,2,Second,96,C,C,C,C,C+
204000105,3,Second,106,B+,C,B+,B+,C
204000106,1,First,93,A+,A,A,A,A+
204000107,1,First,99,A+,A+,A,A,A
204000108,2,Second,76,C,C+,C,B,C+
204000109,1,First,97,A+,A+,A,A,A
204000110,2,Second,114,C+,B,B+,C+,C+
204000111,3,Third,52,D,D+,D+,F,C
204000112,3,Third,77,D+,D+,C,D,F
204000113,1,First,106,A+,A,A+,A+,A+
204000114,3,Second,99,B+,B+,B,C+,C+
204000115,3,Second,82,B+,C,C,B+,C
204000116,3,Third,69,D,F,C,F,D+
204000117,3,Third,61,D,D+,C,C,F
204000118,1,First,99,A,A,B+,A+,A+
204000119,1,First,97,A+,A+,A+,A,B+
204000120,3,Third,59,D,D,C,D,D
204000121,3,Second,81,C,C,C+,B,C
204000122,3,Second,104,C,C+,B+,C+,C+
204000123,3,Third,53,F,D+,F,F,D+
204000124,3,Third,61,F,C,D+,F,C
204000125,3,Second,97,C,C,B+,C+,B+
204000126,1,First,108,A+,A+,B+,A,A+
204000127,1,First,117,A+,A+,A+,A,A
204000128,3,Third,75,D,D+,F,F,D+
204000129,1,First,105,A+,A,A+,A,B+
204000130,1,First,113,A,A+,A,A+,A
204000131,1,First,119,A,A,B+,A,A+
204000132,1,First,116,A+,A+,A,A,A+
204000133,3,Third,74,D,D+,C,C,F
204000134,1,First,114,A+,A,B+,A+,A+
204000135,2,Second,88,B+,C+,B,C,B
204000136,3,Second,101,B+,B,C+,C+,B
204000137,1,First,111,A,A+,A,A,A
204000138,3,Second,80,B,C,C,B+,B
204000139,3,Third,89,C,D+,D,D,C
204000140,1,First,108,A,A+,A,A+,A
204000141,1,First,98,A,A,B+,A,A
204000142,3,Second,81,B+,B+,C,C,B
204000143,3,Third,86,F,C,D,F,C
204000144,1,First,100,A+,A,A+,A+,B+
204000145,1,First,117,A+,A,B+,A,A
204000146,3,Third,63,D+,D,D+,F,D
204000147,2,Second,99,B+,C+,B,B,B
204000148,2,Second,112,B+,B,C+,C+,B
204000149,1,First,90,A+,A,A,A+,A+
204000150,2,Second,91,B+,B+,B+,C+,C+
204000151,1,First,93,A,A+,A,A,B+
204000152,2,Second,88,B,B,B+,B,C
204000153,3,Third,62,F,F,D+,D,F
204000154,3,Third,53,D,D+,D,D,D
204000155,1,First,101,A+,A+,A,A,A
204000156,3,Second,90,B,B+,C+,C,B+
204000157,3,Third,89,D,C,D+,F,C
204000158,2,Second,114,B+,B+,B+,B,B+
204000159,3,Third,75,D+,D,F,D+,C
204000160,3,Second,81,B,B,B,C,B
204000161,3,Third,83,C,D,C,D+,D
204000162,3,Third,61,D,C,F,F,D
204000163,3,Third,72,C,D,C,C,D+
204000164,1,First,119,A,A,A,A+,A+
204000165,2,Second,109,C+,B+,B+,C,B
204000166,3,Third,62,C,D,C,D,C
204000167,2,Second,98,B+,B,C,B,B
204000168,2,Second,118,B,C+,B,B,C
204000169,2,Second,118,C+,B,C,C,B+
204000170,3,Third,73,D+,C,C,D+,C
204000171,2,Second,85,B+,B,C,B+,B
204000172,2,Second,120,C+,B+,C,C,B+
204000173,3,Third,57,D+,F,C,C,D+
204000174,3,Third,86,F,C,C,D+,D
204000175,3,Second,78,B+,B,B,C,C
204000176,1,First,99,A,A+,A+,A,A+
204000177,1,First,101,A,A,A+,A,A+
204000178,1,First,92,A,A,A+,A+,B+
204000179,3,Second,84,B,C+,C+,C+,B
204000180,2,Second,102,B,B,B,C,B
204000181,3,Third,66,F,D,F,D+,C
204000182,3,Second,80,B,C+,B+,B+,B
204000183,2,Second,115,B,C,C,B,B+
204000184,1,First,120,A,A+,A,A,B+
204000185,3,Third,77,D+,D+,F,D,D
204000186,1,First,119,A,A,A+,A+,B+
204000187,3,Second,92,B,C+,C+,C+,B+
204000188,3,Third,84,F,F,D+,D+,D
204000189,2,Second,88,B,C,B+,B,C+
204000190,3,Third,78,D+,F,D,D,D+
204000191,3,Second,87,C,B,C,C,C+
204000192,1,First,120,A+,A+,A,A+,A
204000193,3,Third,80,D+,D+,D,D,D+
204000194,3,Third,89,C,C,D+,F,D+
204000195,1,First,94,A+,A,B+,A+,A
204000196,1,First,120,A+,A,B+,A+,A
204000197,3,Second,81,B,B,C+,C,B+
204000198,1,First,92,A+,A+,B+,A+,A
204000199,3,Third,82,C,F,C,F,C
204000200,1,First,108,A+,A+,A,A,A
204000201,1,First,112,A,A+,A,A,A
204000202,3,Second,87,C+,C+,B+,C+,C+
204000203,3,Third,79,F,C,C,C,D+
204000204,3,Second,80,B+,B+,C+,B+,B
204000205,3,Third,58,F,D+,D,D,F
204000206,1,First,90,A,A,B+,A+,A
204000207,2,Second,119,C+,C,B+,B+,C
204000208,3,Third,82,D,D+,D,C,D
204000209,3,Third,79,C,D+,F,D+,C
204000210,1,First,92,A,A+,A,A+,B+
204000211,3,Second,79,B+,C,B,C,C
204000212,2,Second,100,C+,B+,C,B,B
204000213,2,Second,102,B,C,B+,B,C
204000214,3,Second,108,B+,C,B,B+,C
204000215,1,First,117,A,A+,A+,A,B+
204000216,1,First,110,A,A+,B+,A,B+
204000217,3,Third,53,D,D+,D+,D,C
204000218,3,Second,78,C,C,C+,C,B+
204000219,3,Third,55,D+,D+,D+,F,D+
204000220,3,Third,79,D+,F,D,D+,D+
204000221,3,Third,54,D+,F,F,F,F
204000222,1,First,99,A+,A,B+,A+,B+
204000223,2,Second,79,B+,B,B+,C,B
204000224,1,First,116,A+,A+,A,A,A
204000225,3,Second,117,C,B+,B,C,C+
204000226,3,Third,59,C,D,C,C,D
204000227,3,Second,120,B+,B,C+,B+,C+
204000228,2,Second,74,C+,B,B+,B,C
204000229,3,Third,63,D+,D,D+,F,F
204000230,3,Second,106,B,C,B+,C+,B+
204000231,1,First,108,A,A,A+,A+,B+
204000232,3,Third,70,C,D,F,D,F
204000233,3,Third,61,D+,C,D+,C,F
204000234,1,First,119,A,A,A,A+,A+
204000235,1,First,94,A,A,A,A+,B+
204000236,1,First,102,A,A,B+,A,B+
204000237,3,Third,81,D+,C,D,F,C
204000238,3,Third,84,F,D,C,D,D+
204000239,1,First,120,A,A+,A,A,A+
204000240,3,Second,119,C+,C+,B,B+,B
204000241,3,Third,57,C,D+,D,D+,C
204000242,1,First,97,A+,A,A,A,A+
204000243,1,First,114,A,A,A,A+,B+
204000244,3,Third,78,D+,D,D+,D+,D+
204000245,3,Third,84,D+,D+,D,C,F
204000246,3,Third,51,F,D,F,C,F
204000247,1,First,91,A,A,A,A+,A+
204000248,3,Third,66,D+,D+,C,C,D
204000249,3,Third,85,D+,D+,C,D+,D
204000250,3,Third,50,D+,D+,F,D,F
204000251,1,First,115,A,A,A,A+,A
204000252,3,Third,51,F,F,C,F,F
204000253,3,Second,109,C+,B+,C,B,B
204000254,1,First,112,A+,A,A+,A+,A
204000255,3,Third,73,F,C,C,D+,C
204000256,2,Second,113,C,C+,C,C,C
204000257,3,Third,84,D+,C,C,D+,F
204000258,1,First,92,A,A,A,A,B+
204000259,3,Third,53,D+,F,D+,F,F
204000260,2,Second,107,B+,C,B,C+,C
204000261,3,Third,55,D,D+,D+,C,D+
204000262,1,First,95,A+,A,A,A+,B+
204000263,3,Second,80,B+,C,C,C,B
204000264,3,Third,54,F,D,D,D,C
204000265,3,Third,67,D,D+,D,D+,D+
204000266,1,First,100,A,A+,B+,A,A
204000267,3,Third,62,D,C,D+,C,F
204000268,3,Second,114,B,C+,C+,B,B
204000269,3,Third,65,C,D,D,C,D
204000270,3,Third,81,D,D,D,D,D+
204000271,3,Second,96,B,C,C+,C+,C
204000272,1,First,120,A+,A,B+,A+,A
204000273,1,First,102,A+,A+,A+,A+,A+
204000274,3,Second,76,C,C+,B,B,B+
204000275,1,First,106,A,A,A,A+,A+
204000276,1,First,98,A,A+,A,A,A
204000277,3,Third,76,F,D+,D+,D,F
204000278,3,Second,71,B,C,C+,C+,B
204000279,1,First,99,A,A,A+,A+,A
204000280,1,First,102,A,A,B+,A,B+
204000281,2,Second,78,C,B+,C,B+,C+
204000282,3,Third,69,F,D,C,D+,C
204000283,1,First,90,A+,A,A+,A,A
204000284,1,First,101,A+,A+,B+,A,B+
204000285,3,Third,58,F,F,D,D,D
204000286,1,First,115,A,A+,A,A+,B+
204000287,3,Second,82,C+,B+,C+,B+,B+
204000288,3,Third,80,F,F,D+,F,D+
204000289,2,Second,117,C+,C+,B+,C,B+
204000290,1,First,93,A+,A+,A+,A,A
204000291,3,Third,69,F,C,F,D+,F
204000292,3,Third,84,D+,C,D+,D+,D
204000293,3,Third,71,C,D,D,F,F
204000294,3,Third,68,C,D+,D+,D+,F
204000295,2,Second,119,B,C,C,C+,B+
204000296,3,Third,65,C,D,D+,D+,D
204000297,1,First,93,A+,A+,B+,A+,A+
204000298,3,Third,55,F,C,D,F,D+
204000299,3,Third,69,D,D+,C,F,F
204000300,2,Second,117,C+,B+,C,B+,C+
204000301,3,Second,104,C,C,B+,B+,C
204000302,1,First,114,A,A,A,A,A+
204000303,3,Third,67,D,D+,D,F,C
204000304,1,First,113,A+,A,B+,A+,A
204000305,2,Second,82,C+,C,C,B,C+
204000306,1,First,112,A+,A,B+,A,A
204000307,1,First,112,A,A,B+,A,B+
204000308,3,Third,62,F,D+,C,F,C
204000309,3,Second,105,B,C+,C+,C+,B
204000310,2,Second,100,B+,C+,B,B,B
204000311,2,Second,77,B,C,B,C+,C
204000312,1,First,109,A+,A+,B+,A,A
204000313,3,Third,84,D+,D,C,F,C
204000314,1,First,114,A,A,B+,A,A+
204000315,3,Third,88,D,C,D,D+,D+
204000316,2,Second,95,C,C+,C,C+,C+
204000317,3,Third,67,D+,C,F,D+,D
204000318,3,Third,58,D,D,D,C,C
204000319,1,First,111,A+,A,B+,A+,B+
204000320,3,Third,54,D+,D+,C,C,C
204000321,3,Third,82,F,D+,F,C,D+
204000322,1,First,93,A+,A,A,A,A+
204000323,1,First,119,A,A+,A+,A,A+
204000324,1,First,104,A,A,A,A,B+
204000325,1,First,98,A,A,B+,A,A
204000326,3,Third,54,F,D+,C,C,D+
204000327,2,Second,71,C+,B,B,C,C+
204000328,1,First,110,A,A+,A+,A+,A+
204000329,3,Third,75,D,D,D,D,D
204000330,1,First,113,A+,A,B+,A+,A
204000331,3,Third,52,C,D,C,D+,D
204000332,3,Third,63,D+,D+,D,D,D+
204000333,3,Third,58,C,D,F,D,C
204000334,3,Second,74,C+,C+,B,B,B+
204000335,2,Second,75,B,B+,C,B,B+
204000336,3,Third,70,C,F,D+,F,D+
204000337,3,Third,58,D,F,F,F,C
204000338,3,Second,92,B,C+,C+,B,B+
204000339,3,Second,96,C+,C,B+,B,C+
204000340,1,First,93,A+,A,A,A,A
204000341,1,First,116,A,A,B+,A+,A
204000342,3,Third,88,D,F,C,D+,D
204000343,3,Third,55,C,C,F,F,D
204000344,3,Third,74,D+,C,D,D+,D+
204000345,3,Third,64,F,D+,F,D+,D+
204000346,3,Third,57,C,D,D+,D,D
204000347,3,Second,105,C,B,C+,B+,B+
204000348,3,Second,106,C+,C,C+,B+,C+
204000349,3,Second,113,B+,B,C+,C+,B+
204000350,3,Second,119,B,C+,B,C,B+
204000351,3,Second,76,C+,B+,C+,B,C+
204000352,3,Third,84,C,D+,C,D,C
204000353,1,First,99,A+,A+,B+,A,A
204000354,3,Third,74,F,F,C,F,D
204000355,2,Second,97,B+,C+,B+,B,C
204000356,3,Second,120,C+,B,B+,C+,C
204000357,1,First,118,A,A+,B+,A+,A+
204000358,1,First,109,A,A,B+,A+,A
204000359,2,Second,106,C+,B,C+,C,B
204000360,3,Second,100,B+,B,C,C,B+
204000361,2,Second,91,B+,B,B,C,B+
204000362,3,Second,107,B,B,C+,B+,B
204000363,3,Third,82,F,F,D+,C,D+
204000364,3,Third,70,F,D+,D+,C,D+
204000365,1,First,101,A+,A,A,A+,A
204000366,1,First,102,A,A+,A+,A+,B+
204000367,3,Third,60,C,D+,D+,D+,D+
204000368,2,Second,116,B+,B+,C,B,C
204000369,3,Third,53,D+,C,D+,F,C
204000370,3,Third,67,D+,F,C,D,F
204000371,1,First,108,A,A+,A,A+,A
204000372,1,First,103,A+,A+,A+,A+,A+
204000373,1,First,103,A,A+,A+,A,A
204000374,2,Second,100,C+,B,C,B+,C
204000375,2,Second,86,B+,C,B+,C+,C
204000376,3,Third,71,C,D+,C,C,C
204000377,1,First,108,A,A+,B+,A+,B+
204000378,1,First,99,A,A+,B+,A,A
204000379,2,Second,87,B+,B+,B,B+,C+
204000380,2,First,111,A+,A,A+,A+,B+
204000381,3,Third,58,F,D+,D,F,D
204000382,3,Second,72,C+,B,B,B+,C+
204000383,1,First,110,A,A+,A+,A,A
204000384,1,First,106,A,A,A+,A,A+
204000385,1,First,91,A+,A+,A+,A+,A+
204000386,3,Third,69,C,F,D+,D+,C
204000387,3,Third,58,C,D+,F,D+,D+
204000388,1,First,115,A,A,B+,A+,A+
204000389,3,Second,77,B+,C,B+,C+,B+
204000390,3,Third,80,D,F,C,D,D+
204000391,2,Second,86,C,B+,C,C+,C
204000392,1,First,119,A+,A+,A,A+,A
204000393,1,First,115,A,A,A+,A,A+
204000394,1,First,109,A+,A+,A,A+,A+
204000395,1,First,100,A,A+,A,A+,B+
204000396,3,Third,58,D+,F,D,C,D
204000397,1,First,104,A,A+,A+,A,A+
204000398,1,First,113,A,A,A,A+,A
204000399,3,Third,69,D+,F,D,F,D+
204000400,2,Second,92,B+,C+,C,C,B+
204000401,1,First,114,A+,A,A+,A+,B+
204000402,2,Second,117,B+,B+,B+,B,C
204000403,3,Second,87,C,B,B,C,B
204000404,2,Second,108,B+,C+,C,C+,C+
204000405,1,First,105,A,A+,A+,A+,B+
204000406,3,Second,85,B+,C+,B+,C,C
204000407,3,Third,58,D+,F,D,F,D+
204000408,3,Second,85,B,C+,C+,B,C
204000409,3,Third,57,F,F,D,D,F
204000410,1,First,111,A,A+,A+,A,A
204000411,3,Third,77,F,F,C,D+,D+
204000412,2,Second,112,B+,C,C+,B,B+
204000413,3,Third,76,C,D,F,D,D+
204000414,3,Third,79,D+,C,D,D,C
204000415,2,Second,108,C+,B,B+,B+,C+
204000416,2,Second,97,C,B,C,B+,B+
204000417,2,Second,103,B,C+,C+,C,B+
204000418,3,Third,65,D,D,D,D,F
204000419,1,First,119,A+,A+,A+,A+,A
204000420,3,Third,62,D+,D+,D,F,D
204000421,2,Second,72,B,B,B+,B,C+
204000422,1,First,106,A,A,B+,A+,A+
204000423,3,Second,100,B,B,C+,C,B
204000424,3,Second,86,B+,C,C,C,C+
204000425,3,Second,70,C+,B+,B,C+,B+
204000426,2,Second,105,C,B,C+,B+,C+
204000427,3,Third,71,C,D,F,F,D+
204000428,1,First,108,A+,A,A,A+,A+
204000429,3,Third,67,F,C,C,D,D
204000430,3,Third,53,F,D,D,F,F
204000431,1,First,119,A,A+,A,A+,B+
204000432,1,First,116,A+,A+,B+,A,A+
204000433,2,Second,88,B,B,C,B+,C+
204000434,1,First,105,A,A,B+,A+,A+
204000435,3,Second,77,B+,B,B+,B,C
204000436,1,First,102,A+,A+,A+,A+,B+
204000437,3,Second,100,C,B+,C+,C+,C
204000438,1,First,91,A+,A+,A,A+,B+
204000439,3,Third,67,D,F,D+,C,D
204000440,1,First,98,A,A,B+,A,A+
204000441,3,Third,52,C,D+,D+,D,F
204000442,1,First,95,A+,A,A,A,B+
204000443,1,First,108,A,A,B+,A,B+
204000444,3,Second,101,C,C,C+,C+,B+
204000445,3,Third,66,C,F,C,D+,C
204000446,3,Second,96,C,C+,C+,C+,B
204000447,2,Second,82,B+,B+,B+,C+,C
204000448,3,Third,86,C,C,F,D,D
204000449,3,Third,61,D,D+,F,D+,D
204000450,2,Second,90,C+,B,C,B,C+
204000451,3,Third,87,F,F,D+,D,D
204000452,3,Third,81,D,D+,D+,D+,D+
204000453,3,Third,64,F,D,C,F,F
204000454,3,Third,58,C,D+,D+,D+,F
204000455,3,Third,59,F,F,F,D,F
204000456,3,Second,116,C+,B+,B+,B,C
204000457,3,Second,82,C,B+,C+,C,B+
204000458,3,Third,56,F,F,D,D,D+
204000459,3,Third,62,D+,D,D,F,D+
204000460,3,Second,84,B+,C,B,C+,C+
204000461,3,Second,95,B+,B,C+,C+,B
204000462,3,Third,90,D+,F,D+,F,F
204000463,3,Third,69,C,D,D,C,F
204000464,3,Third,88,F,D+,C,F,D
204000465,3,Third,52,C,C,C,F,F
204000466,3,Third,60,F,C,D,D+,D+
204000467,3,Third,54,C,D,D,F,F
204000468,3,Third,64,F,C,F,D+,D
204000469,1,First,110,A+,A+,A,A,A+
204000470,1,First,102,A,A+,B+,A,A
204000471,2,Second,92,C+,B,B+,C+,B
204000472,3,Third,72,D,C,D+,D+,D+
204000473,3,Second,79,C+,C,B,B,B
204000474,3,Second,105,C,C+,C,C,C+
204000475,1,First,119,A+,A,A+,A,B+
204000476,3,Second,98,C+,B+,C+,C,C
204000477,3,Third,60,D,F,D,D+,C
204000478,1,First,115,A+,A,B+,A,A
204000479,3,Second,75,C+,B+,C+,B,C+
204000480,1,First,105,A,A,A,A+,A+
204000481,3,Third,84,C,C,C,D,C
204000482,3,Third,66,C,C,C,D+,C
204000483,3,Third,83,D+,D,C,F,F
204000484,3,Third,87,F,F,D+,C,C
204000485,3,Third,70,D,C,D,F,C
204000486,1,First,105,A,A,A,A+,B+
204000487,3,Third,84,D,C,D+,C,D+
204000488,1,First,110,A+,A,A,A+,A
204000489,1,First,109,A+,A,B+,A+,A+
204000490,3,Third,80,D,C,F,F,C
204000491,1,First,91,A+,A,A+,A,A+
204000492,3,Third,67,F,D+,D,D,F
204000493,1,First,111,A+,A+,B+,A,A
204000494,1,First,104,A+,A,A+,A,A+
204000495,1,First,106,A+,A+,A,A+,B+
204000496,3,Third,90,C,F,D,D,D
204000497,3,Second,74,C,C+,C,B,B
204000498,2,Second,108,B,C+,B,C+,C+
204000499,3,Third,58,D,C,D+,F,D
204000500,3,Third,60,D,C,D,D,F
204000501,1,First,120,A+,A,A,A,B+
204000502,1,First,110,A+,A,A+,A,B+
204000503,3,Third,52,D,D+,C,D,D+
204000504,3,Second,107,B,C+,B,C+,B+
204000505,3,Second,107,B,B,C,B+,C+
204000506,3,Second,119,C,B+,C+,C+,B
204000507,1,First,100,A+,A,A,A+,B+
204000508,3,Third,61,D+,F,F,D,D+
204000509,3,Third,72,C,D,D,F,F
204000510,1,First,112,A,A,B+,A+,B+
204000511,3,Third,72,D,D,D,F,F
204000512,3,Second,92,B+,B+,B+,C,C+
204000513,1,First,118,A+,A,B+,A,B+
204000514,3,Third,83,D+,D+,D,D,D
204000515,3,Second,87,C,B,C,C+,C
204000516,3,Third,82,F,C,D,D+,C
204000517,3,Third,64,D,D+,D,D,F
204000518,1,First,118,A,A+,A+,A,B+
204000519,3,Third,50,F,D,F,C,D+
204000520,3,Third,67,D,D+,C,D+,C
204000521,3,Third,82,F,F,C,D+,C
204000522,2,Second,96,C+,C+,C,B+,B+
204000523,3,Second,106,C,B+,B+,C+,C+
204000524,1,First,99,A,A,A,A+,A+
204000525,3,Third,86,D+,F,D+,D+,D+
204000526,3,Third,81,C,D+,C,D,D+
204000527,3,Third,88,D,C,D+,F,F
204000528,3,Third,67,D,D,D,F,D+
204000529,1,First,92,A,A+,A+,A,B+
204000530,1,First,113,A,A,A,A+,A
204000531,3,Second,119,C+,C,B+,B,B+
204000532,1,First,91,A+,A,B+,A,A+
204000533,1,First,98,A,A+,A,A,A+
204000534,3,Second,94,C+,B+,B+,B,B
204000535,1,First,118,A+,A+,A+,A,A+
204000536,3,Third,86,D,F,D,F,C
204000537,2,Second,83,C,C+,C+,B,C+
204000538,3,Third,51,D+,F,F,D,F
204000539,3,Third,55,F,C,D,D,F
204000540,3,Second,76,B+,B+,B,B+,C
204000541,3,Third,67,F,D,C,F,D+
204000542,3,Third,76,D+,C,D+,F,D+
204000543,3,Third,82,D,D,F,C,D+
204000544,1,First,119,A,A+,A,A+,B+
204000545,2,Second,108,B,B+,C+,B+,B
204000546,2,Second,100,B,B+,C+,C+,C+
204000547,2,Second,95,C,B,C+,B+,B
204000548,3,Third,53,F,F,F,D,D
204000549,3,Third,80,D,C,D,F,C
204000550,1,First,116,A,A+,A+,A+,B+
204000551,1,First,107,A,A,A+,A,B+
204000552,1,First,109,A,A+,A,A,A+
204000553,1,First,112,A,A,B+,A+,A
204000554,1,First,104,A,A+,B+,A+,A
204000555,1,First,119,A,A+,A,A+,A+
204000556,1,First,107,A,A,B+,A,A
204000557,2,Second,91,B+,B+,B+,B,B+
204000558,3,Third,71,C,D,C,F,D
204000559,3,Third,65,D,C,C,C,C
204000560,1,First,103,A+,A+,A+,A+,A
204000561,3,Third,58,F,D,F,D,D
204000562,3,Third,84,F,D+,D,D+,F
204000563,3,Third,59,C,D+,D+,D+,F
204000564,1,First,105,A+,A,B+,A,B+
204000565,2,Second,102,C,C+,C,B+,C
204000566,2,Second,101,C,B+,B+,C,C+
204000567,1,First,117,A+,A+,A+,A,B+
204000568,2,Second,96,C+,B,B+,C,B
204000569,3,Third,70,D,F,D+,F,D+
204000570,3,Second,111,B+,B+,C+,C+,C
204000571,3,Third,50,D,F,D+,D,D+
204000572,1,First,102,A,A,A+,A,A
204000573,3,Third,69,D,C,D+,D+,C
204000574,1,First,93,A+,A,A,A,B+
204000575,1,First,103,A+,A+,A+,A,A
204000576,1,First,103,A,A+,B+,A+,A
204000577,3,Second,93,B,C,B+,B,B
204000578,2,Second,82,B,B,B,C+,B+
204000579,1,First,110,A+,A,A,A,B+
204000580,3,Second,73,C+,B+,B+,B,B+
204000581,3,Third,89,F,D,C,C,D+
204000582,3,Third,73,D,C,F,D+,C
204000583,3,Third,51,C,F,C,C,F
204000584,3,Third,89,D,D+,D+,F,D+
204000585,3,Third,64,C,D,D,D+,C
204000586,3,Second,115,C+,C+,C,B,B
204000587,3,Third,51,C,C,D+,D+,C
204000588,3,Third,64,D,D,C,C,D
204000589,3,Third,71,D,F,D+,C,F
204000590,3,Third,70,D+,F,C,F,D+
204000591,2,Second,100,C,C+,B+,C+,C+
204000592,3,Third,77,D+,D+,C,D+,F
204000593,3,Third,84,F,F,F,D,C
204000594,2,Second,72,B+,C,B,B,C+
204000595,2,Second,82,C,B,C+,C,C
204000596,2,Second,72,B,C,C,B+,B
204000597,3,Third,54,F,F,D,D,C
204000598,3,Second,77,B,C,B+,B+,C
204000599,2,Second,98,C+,C+,C,C+,C
204000600,1,First,94,A+,A+,A,A,A
204000601,2,Second,71,B,C,B,B,B+
204000602,3,Third,58,C,C,C,F,D
204000603,1,First,110,A+,A+,B+,A+,B+
204000604,3,Third,68,D,C,C,C,D+
204000605,3,Second,110,B,C+,B,B,B
204000606,1,First,101,A+,A,A,A+,B+
204000607,3,Third,63,C,D,F,D+,F
204000608,3,Second,112,C+,B+,B+,B,B
204000609,3,Third,66,F,F,D+,F,D+
204000610,1,First,107,A,A+,A,A,B+
204000611,3,Third,78,D+,D,D,F,D+
204000612,3,Third,83,D+,C,C,C,D+
204000613,3,Second,74,B,C+,C+,C,B+
204000614,1,First,109,A,A+,A,A,A
204000615,2,Second,75,B,C+,C,B,C+
204000616,3,Third,84,F,F,D,F,D+
204000617,2,Second,87,C+,B,B,C+,B+
204000618,3,Third,50,D,F,D+,C,F
204000619,3,Second,98,B,B+,B+,B+,B+
204000620,1,First,119,A+,A+,B+,A+,B+
204000621,3,Second,91,C,B,B+,B,C+
204000622,1,First,98,A,A+,B+,A,A+
204000623,2,Second,108,C+,B,B,B+,C
204000624,3,Third,62,F,C,C,D+,D+
204000625,1,First,113,A+,A,A+,A,B+
204000626,3,Third,70,C,F,D,D+,D+
204000627,3,Third,61,D,D,D+,D+,C
204000628,3,Third,50,F,D+,F,F,D+
204000629,2,Second,110,B+,C+,C,B,C
204000630,2,Second,74,C,C+,C+,B+,C
204000631,3,Third,84,C,D+,D,D,F
204000632,3,Second,71,B,C+,B+,B,B+
204000633,1,First,102,A+,A+,A+,A+,A+
204000634,1,First,115,A,A,B+,A,B+
204000635,1,First,110,A,A,B+,A,B+
204000636,3,Third,77,D+,C,C,F,D+
204000637,1,First,119,A,A+,B+,A+,A
204000638,2,Second,112,C+,B+,B,B+,B+
204000639,1,First,117,A+,A,A,A,A
204000640,1,First,98,A,A+,A+,A+,B+
204000641,1,First,97,A,A+,A+,A,B+
204000642,3,Third,72,F,C,D,D,C
204000643,3,Second,74,C,C+,B+,C+,C
204000644,3,Second,95,B,C+,B+,B,B
204000645,2,Second,74,C+,C+,B,C+,B+
204000646,1,First,100,A,A,A+,A+,A
204000647,3,Second,75,B+,C,B+,B,C+
204000648,3,Second,77,B+,B,C+,B,B
204000649,1,First,107,A+,A,B+,A,A
204000650,1,First,111,A+,A+,A,A+,B+
204000651,3,Second,114,C,C,B,C+,C+
204000652,2,Second,106,C+,C,C+,C,B+
204000653,3,Third,69,D+,D+,D,D,C
204000654,1,First,115,A+,A,A,A+,A
204000655,1,First,95,A+,A,A+,A+,B+
204000656,1,First,109,A,A+,A,A,A+
204000657,1,First,99,A,A+,A,A+,A
204000658,3,Third,67,F,D,F,C,C
204000659,3,Third,69,F,C,F,C,F
204000660,3,Third,77,D,F,D+,D+,F
204000661,2,Second,97,B,C,B,B,C+
204000662,3,Third,50,D,F,D+,F,C
204000663,3,Second,106,B,C+,B+,B,B
204000664,3,Second,82,C,C,B+,B+,B
204000665,3,Third,55,D,D,F,D,D
204000666,3,Third,77,F,D+,D+,D,F
204000667,1,First,102,A+,A,B+,A+,B+
204000668,3,Second,99,B,B+,C+,C+,B+
204000669,3,Second,116,C,B+,C,B,B
204000670,3,Third,68,D,F,C,D+,C
204000671,3,Third,56,C,D,D,D+,D
204000672,1,First,119,A+,A+,B+,A+,A
204000673,1,First,103,A,A+,B+,A,A+
204000674,2,Second,91,B,B,C+,B,B
204000675,1,First,98,A+,A+,B+,A+,A
204000676,3,Third,61,D,F,D,C,D+
204000677,3,Third,56,D,D,D,D+,F
204000678,1,First,107,A,A+,A+,A,A+
204000679,3,Third,69,F,D+,D+,F,F
204000680,2,Second,94,B+,B+,B,C+,C+
204000681,3,Second,119,C,B+,C,C+,C
204000682,3,Third,75,F,D,D,D+,D
204000683,1,First,103,A,A,A,A+,B+
204000684,3,Third,79,D+,C,F,D,F
204000685,3,Third,59,D+,C,C,D+,D+
204000686,1,First,118,A+,A,A+,A,B+
204000687,1,First,98,A+,A,A,A,A
204000688,1,First,93,A+,A,A,A+,B+
204000689,2,Second,84,B,B+,B,B,C
204000690,3,Third,66,D+,D,F,D,D+
204000691,1,First,115,A,A+,B+,A+,A
204000692,1,First,118,A+,A+,A+,A,B+
204000693,1,First,100,A,A+,A,A,A
204000694,1,First,93,A,A+,A,A,A+
204000695,1,First,100,A,A+,A+,A+,B+
204000696,3,Third,89,F,D+,C,D,D+
204000697,3,Third,87,D,D+,F,F,C
204000698,1,First,91,A+,A,A,A+,A
204000699,1,First,118,A,A+,A,A+,A
204000700,1,First,103,A,A+,A,A+,A
204000701,3,Third,53,C,C,D+,D+,F
204000702,3,Third,60,D,C,C,D,D
204000703,3,Third,88,C,D+,F,D,D+
204000704,3,Second,114,B+,C,B,B+,B+
204000705,1,First,101,A+,A+,A+,A+,B+
204000706,2,Second,93,C+,C,B+,B,C+
204000707,1,First,93,A,A+,A,A+,B+
204000708,3,Third,82,D,D,D,C,D
204000709,3,Third,52,F,D+,D,D,D+
204000710,1,First,111,A,A+,A,A,A
204000711,3,Third,50,D+,D,D+,F,F
204000712,1,First,117,A+,A,A+,A+,B+
204000713,1,First,118,A+,A+,A,A+,B+
204000714,1,First,111,A+,A,A+,A+,A
204000715,3,Third,52,C,C,C,C,D
204000716,3,Second,113,C,C,C,B+,C
204000717,3,Second,72,B+,C+,C,C,B
204000718,1,First,98,A,A+,A+,A+,B+
204000719,3,Third,51,D+,D,F,D,C
204000720,3,Third,53,C,D,F,D,F
204000721,3,Third,55,D+,D+,F,C,D
204000722,1,First,105,A+,A+,B+,A+,A
204000723,3,Second,76,B,C,C+,B,B+
204000724,1,First,110,A,A,A+,A,B+
204000725,3,Second,104,B,B+,C+,B+,B
204000726,3,Second,72,C,B+,C+,C+,B
204000727,2,Second,117,C+,C+,C,B,C+
204000728,3,Second,108,C+,C,C+,B,C
204000729,1,First,117,A,A,A+,A,A
204000730,3,Second,112,B+,C,C,C+,C
204000731,1,First,108,A,A+,A,A+,B+
204000732,1,First,114,A+,A+,B+,A+,A+
204000733,1,First,94,A,A,A+,A+,A
204000734,3,Third,78,D,D+,D,F,D+
204000735,3,Second,108,B+,B,B+,B,B
204000736,3,Third,64,D+,D+,D,D+,D+
204000737,1,First,101,A+,A,B+,A+,A
204000738,3,Third,80,C,D,C,F,C
204000739,3,Third,65,D+,D,F,D+,D
204000740,2,Second,102,C+,C,B+,B+,B+
204000741,1,First,91,A+,A+,B+,A+,B+
204000742,2,Second,98,B,B+,C+,C,B
204000743,3,Third,70,D,D+,F,F,D+
204000744,1,First,101,A,A+,A,A,A
204000745,1,First,111,A+,A+,A+,A+,A+
204000746,2,Second,117,B+,B,B,B,B+
204000747,3,Third,87,F,F,D,F,C
204000748,3,Third,71,D+,D,D+,D,D
204000749,1,First,105,A,A,A,A,A
204000750,1,First,110,A+,A,A,A+,B+
204000751,3,Second,85,C+,B+,B,C+,C+
204000752,3,Second,87,C,C+,B+,C,B
204000753,3,Third,58,D,F,C,D,D+
204000754,3,Second,97,C+,C+,C,C,B
204000755,3,Third,54,D,D,D+,D+,C
204000756,1,First,114,A+,A+,A,A,B+
204000757,3,Second,93,C+,C,C+,B+,B
204000758,1,First,100,A,A,A+,A,A
204000759,1,First,114,A+,A+,A,A,A+
204000760,3,Third,53,D,F,D+,C,D+
204000761,1,First,116,A,A,B+,A+,A+
204000762,1,First,113,A,A+,B+,A+,B+
204000763,1,First,105,A,A+,A,A,B+
204000764,3,Second,90,C+,B+,C+,B+,C
204000765,1,First,110,A+,A+,B+,A,B+
204000766,3,Second,77,B,B,C,C,B+
204000767,2,Second,95,C,C+,B,B+,C
204000768,2,Second,74,B,C,C,C,B+
204000769,3,Second,116,C+,B+,C+,B,C+
204000770,3,Third,80,D+,D+,F,D+,D+
204000771,3,Third,75,D,F,C,C,D
204000772,3,Third,53,C,C,F,C,D
204000773,1,First,90,A,A+,A,A,A+
204000774,1,First,115,A+,A+,B+,A+,A+
204000775,3,Second,102,B+,C,C,C,B+
204000776,3,Third,60,D,D,D,F,D+
204000777,2,Second,79,C+,C,C+,C+,B
204000778,2,Second,80,C,B,B+,C+,B+
204000779,2,Second,82,B,B+,C,B,C+
204000780,3,Second,102,C+,B,B,B+,C
204000781,1,First,99,A+,A+,A,A,A+
204000782,2,Second,82,C,C+,C,C,B
204000783,1,First,93,A+,A+,B+,A,B+
204000784,2,Second,119,B,B,C+,C,B
204000785,3,Second,86,B,B,C+,B,C
204000786,3,Third,67,D+,D+,D+,D,D
204000787,3,Third,66,F,C,D,D,D+
204000788,1,First,114,A+,A,B+,A+,A
204000789,3,Third,79,D,D+,C,D+,D+
204000790,1,First,108,A+,A,A+,A+,A
204000791,3,Third,65,D,F,D,D,D
204000792,3,Third,74,D+,D,F,D,C
204000793,1,First,106,A+,A+,A+,A,A
204000794,3,Third,51,C,D+,D+,C,D+
204000795,1,First,112,A+,A+,A+,A,A
204000796,3,Third,75,C,F,C,C,F
204000797,3,Third,75,C,D,D+,D+,D
204000798,1,First,95,A+,A,A+,A+,A
204000799,1,First,109,A,A+,A,A+,B+
204000800,1,First,109,A+,A,B+,A,B+
204000801,2,Second,78,B,B+,B+,C,C+
204000802,3,Third,68,C,D,D+,D,D+
204000803,3,Third,50,D+,D+,D+,F,D+
204000804,3,Second,76,B+,B+,C,C,B
204000805,3,Third,83,F,D,C,C,D+
204000806,3,Second,99,C,C+,B+,B+,C
204000807,2,Second,76,C+,B,C+,B+,C+
204000808,2,Second,110,B,B+,C+,B+,B
204000809,3,Third,68,D,D,F,C,D
204000810,3,Second,94,C+,B+,C+,C+,C
204000811,1,First,105,A,A,A,A+,B+
204000812,1,First,110,A+,A+,A+,A+,A
204000813,1,First,110,A+,A,B+,A,B+
204000814,1,First,103,A+,A,A+,A,A
204000815,3,Second,75,C,C+,C+,B,B
204000816,3,Second,92,C+,B+,C+,B+,B
204000817,2,Second,103,C+,B+,B,C+,C+
204000818,3,Third,82,D,D,F,C,F
204000819,3,Third,86,D,D+,D+,D,D
204000820,2,Second,95,C,B+,B,B+,B+
204000821,3,Third,88,F,F,F,F,D
204000822,3,Second,91,C+,B+,C+,B,C
204000823,1,First,109,A,A+,A+,A+,A+
204000824,3,Third,83,D,F,F,D+,F
204000825,1,First,91,A,A+,A+,A+,A
204000826,3,Third,61,F,D,C,D+,D+
204000827,2,Second,71,B+,C,C+,C+,C+
204000828,1,First,115,A,A,B+,A+,B+
204000829,1,First,98,A,A+,A,A+,B+
204000830,2,Second,104,B+,B+,B,B,B
204000831,3,Third,50,D+,D+,C,C,C
204000832,1,First,94,A,A,A+,A+,B+
204000833,3,Third,65,F,F,C,F,D
204000834,1,First,92,A,A+,B+,A,A
204000835,1,First,96,A+,A,A,A,A+
204000836,2,Second,104,B+,B,B+,C,B
204000837,3,Third,65,C,D,F,F,D+
204000838,1,First,91,A,A,A,A+,A
204000839,3,Third,66,D,D,C,C,C
204000840,1,First,92,A+,A,B+,A+,A
204000841,3,Third,57,D,C,C,F,F
204000842,2,Second,108,C+,C+,B+,C,B+
204000843,1,First,100,A,A,A,A+,A
204000844,3,Third,63,C,F,F,C,F
204000845,1,First,110,A+,A+,A,A,B+
204000846,1,First,95,A,A,A+,A+,A+
204000847,1,First,109,A,A,B+,A,A
204000848,3,Third,52,D+,D+,D+,D+,C
204000849,3,Third,74,D,C,C,F,D
204000850,3,Second,104,C+,B,B,B,B+
204000851,3,Second,80,C+,C,B,B,B+
204000852,3,Third,53,D+,F,D+,F,D
204000853,1,First,120,A,A,A+,A,B+
204000854,3,Third,72,C,C,F,C,C
204000855,3,Third,78,F,D,F,C,F
204000856,1,First,92,A+,A+,A+,A+,A
204000857,3,Second,71,B,B+,C,C+,C
204000858,1,First,99,A,A+,A+,A,A
204000859,1,First,120,A,A,A,A,A
204000860,3,Third,54,F,F,F,F,D+
204000861,3,Third,52,C,D,D+,C,F
204000862,3,Third,50,C,D+,D,D+,F
204000863,3,Third,55,D+,F,D+,D+,F
204000864,3,Second,72,B+,B+,C,B+,B
204000865,1,First,110,A,A,A,A,A
204000866,3,Third,61,F,F,F,D,D+
204000867,1,First,94,A,A,A,A,A+
204000868,3,Second,73,C+,B+,C,B,B
204000869,1,First,118,A,A,B+,A,B+
204000870,2,Second,80,B,C+,B+,B+,B+
204000871,2,Second,114,B,C,C+,C,C
204000872,3,Second,73,B,B+,C,B,C+
204000873,1,First,116,A+,A,A+,A+,B+
204000874,3,Second,70,B+,B+,B,B,B
204000875,3,Third,57,D+,F,D,D+,D
204000876,3,Third,75,C,D,D,D+,D
204000877,3,Third,60,F,D,C,D+,C
204000878,1,First,111,A,A,B+,A,A
204000879,3,Third,50,D,C,C,F,C
204000880,1,First,118,A+,A,A,A,A+
204000881,3,Second,100,B,C+,B,C,B
204000882,3,Third,81,C,F,D+,D,D
204000883,2,Second,96,C+,B+,B,C+,C+
204000884,1,First,101,A+,A,A+,A+,A
204000885,3,Second,105,C,B+,C+,C,B+
204000886,3,Third,81,F,C,F,D+,C
204000887,1,First,96,A+,A,A+,A,A
204000888,2,Second,112,B,C+,B+,C+,B
204000889,3,Second,106,C+,C,B,B+,C+
204000890,3,Second,95,C+,B+,C,B,B+
204000891,3,Third,70,D+,F,D+,C,D
204000892,1,First,110,A+,A+,A,A,A+
204000893,3,Second,116,C,B+,B,C+,C+
204000894,2,Second,113,B+,B+,C,B+,C+
204000895,1,First,110,A,A+,A,A,A+
204000896,3,Second,89,B,B,C,C,C+
204000897,3,Second,87,C+,B,C+,B,C
204000898,2,Second,96,C,B,C,C+,B+
204000899,3,Third,71,D,D,F,C,C
204000900,3,Third,60,D+,D+,D+,F,C
204000901,1,First,108,A+,A,B+,A,A
204000902,2,Second,87,C,C+,C+,B+,C+
204000903,3,Third,65,F,D,D,C,D
204000904,3,Third,61,D+,D,F,D,F
204000905,1,First,91,A+,A+,A,A,A+
204000906,3,Third,72,D,C,D+,C,D+
204000907,3,Second,107,C+,C+,B,C+,B
204000908,3,Third,77,C,D,F,C,C
204000909,1,First,107,A+,A,A+,A+,A
204000910,1,First,104,A,A+,B+,A,A+
204000911,3,Third,66,D,F,D+,C,D+
204000912,2,Second,84,B+,B,B+,B,C+
204000913,3,Third,67,F,D,C,D+,D
204000914,1,First,110,A+,A,A+,A+,B+
204000915,3,Third,72,C,D,D,F,D+
204000916,2,Second,76,C+,C,B+,B,B
204000917,3,Third,50,F,D,D+,D+,F
204000918,3,Third,59,C,F,F,D,C
204000919,3,Third,53,F,F,D,C,F
204000920,3,Third,53,F,C,D+,D+,D
204000921,1,First,106,A+,A+,A,A,A
204000922,1,First,103,A,A+,A,A+,A
204000923,2,Second,96,B+,C,B+,C+,C
204000924,3,Third,77,C,F,D+,C,C
204000925,3,Third,61,D,C,F,D+,C
204000926,1,First,110,A,A,A,A+,A
204000927,3,Third,88,D+,D+,F,F,D+
204000928,1,First,101,A+,A+,A,A+,B+
204000929,2,Second,97,C,B,B+,C+,B+
204000930,1,First,99,A+,A,A,A,B+
204000931,2,Second,82,B,C+,C,B,C+
204000932,3,Second,72,B+,C,B+,C+,B+
204000933,1,First,109,A+,A,B+,A,B+
204000934,3,Second,71,B,B,B,B+,B+
204000935,2,Second,90,C+,B,C+,B,C+
204000936,3,Second,92,B+,B,C,B+,C
204000937,1,First,97,A+,A+,A+,A,A
204000938,3,Second,84,C,C+,B,B+,B
204000939,1,First,109,A+,A,B+,A+,A+
204000940,3,Third,81,F,D+,F,F,D
204000941,3,Third,55,F,C,D,D,D+
204000942,1,First,101,A,A+,B+,A,A
204000943,1,First,100,A,A+,A+,A,B+
204000944,3,Third,61,D,D+,F,D+,D+
204000945,1,First,118,A+,A,A+,A+,B+
204000946,3,Second,94,B,B,C,B+,C+
204000947,1,First,95,A+,A+,A,A+,A+
204000948,2,Second,104,B+,C,B+,B,C
204000949,3,Second,100,C+,B,C+,C+,B
204000950,1,First,99,A,A,B+,A,B+
204000951,3,Third,70,C,D+,F,C,F
204000952,3,Third,52,F,C,F,D+,D+
204000953,3,Third,66,D,D,C,D+,D
204000954,3,Second,118,B,B,B,B,B+
204000955,1,First,99,A+,A+,A,A,B+
204000956,3,Third,80,D,D,C,C,D
204000957,3,Second,94,C,B+,B+,B+,B
204000958,3,Third,70,C,C,C,C,D
204000959,3,Third,71,D+,F,F,F,F
204000960,1,First,108,A,A+,A+,A+,A
204000961,3,Third,81,C,C,D,C,F
204000962,1,First,97,A+,A,B+,A+,B+
204000963,3,Third,85,C,D+,D,F,D+
204000964,1,First,115,A,A+,A,A+,B+
204000965,2,Second,94,B,C,C,C+,C+
204000966,2,Second,116,C+,B,B,C,B
204000967,3,Third,62,F,F,F,D,F
204000968,2,Second,83,B+,B+,B+,B,B
204000969,2,Second,76,B+,B,C+,B+,C
204000970,3,Third,90,D+,D+,F,C,C
204000971,3,Third,76,D,F,C,C,D
204000972,1,First,108,A,A,A,A+,A+
204000973,1,First,96,A+,A,A+,A+,B+
204000974,1,First,98,A,A,A+,A+,A+
204000975,3,Third,58,F,D+,C,D,F
204000976,3,Second,103,C,C,B+,B,C+
204000977,2,Second,75,B,B+,B,C,C+
204000978,3,Third,61,C,D,D,F,C
204000979,1,First,113,A,A+,A+,A,A+
204000980,2,Second,110,C,C+,B+,B+,B+
204000981,1,First,95,A,A+,A+,A,A
204000982,3,Third,82,C,F,D,C,D+
204000983,3,Second,85,C,B+,B,B+,B+
204000984,3,Second,117,B+,C+,C+,C,C
204000985,2,Second,75,C,C+,C,C+,C
204000986,3,Third,84,D+,D+,F,C,C
204000987,2,Second,108,B,C+,B,C+,C+
204000988,1,First,112,A,A+,A,A,B+
204000989,1,First,94,A,A+,B+,A,A+
204000990,2,Second,118,B,B+,B+,B,B+
204000991,1,First,120,A,A,A,A,A
204000992,3,Third,68,F,C,D,D+,D
204000993,1,First,116,A+,A,A,A+,A+
204000994,3,Third,90,C,D,C,C,F
204000995,1,First,95,A,A,A,A+,B+
204000996,3,Third,53,F,C,C,F,C
204000997,3,Third,50,F,C,D,D,F
204000998,3,Third,67,D,D,D,F,C
204000999,3,Third,83,D,C,D,F,C
204001000,3,Third,71,C,F,D,C,C
204001001,2,Second,89,B+,C+,B,B+,B+
204001002,1,First,91,A+,A,A,A+,A
204001003,3,Third,58,F,D+,D+,D,D
204001004,3,Third,81,D,D,C,F,D+
204001005,3,Third,58,D,D,F,D,C
204001006,3,Third,60,D+,D+,D+,C,C
204001007,3,Third,73,D,D+,D+,C,F
204001008,3,Second,93,C+,B,B,B,C
204001009,1,First,95,A+,A,B+,A+,A+
204001010,1,First,115,A+,A,A,A+,B+
204001011,2,Second,106,B,C,C,B,B
204001012,3,Second,101,C,B,B+,C+,C+
204001013,1,First,95,A+,A+,A+,A+,A+
204001014,1,First,119,A+,A+,A+,A+,A+
204001015,3,Third,72,D,D+,F,F,D
204001016,2,Second,90,C+,C+,B,C+,C
204001017,3,Third,70,F,D+,D+,D,F
204001018,3,Second,76,C,C+,C,B,C
204001019,3,Second,116,B,C+,B,C+,C
204001020,2,Second,119,C+,B+,B+,C+,C+
204001021,1,First,116,A,A+,A+,A,B+
204001022,3,Third,77,D+,D,F,D,D+
204001023,1,First,103,A+,A+,B+,A+,A+
204001024,3,Second,84,B,B,B,B,C
204001025,3,Third,82,F,D+,C,D+,D
204001026,1,First,100,A+,A,B+,A+,A+
204001027,3,Third,84,D,C,F,D,D+
204001028,3,Third,74,F,C,F,F,F
204001029,1,First,106,A+,A,A,A,A
204001030,3,Third,67,D+,D+,D,C,D
204001031,1,First,105,A+,A,A+,A,B+
204001032,3,Third,52,F,F,F,F,D
204001033,3,Second,105,B,B+,B,B,B
204001034,1,First,106,A,A,B+,A,B+
204001035,1,First,118,A+,A+,A,A,A
204001036,3,Third,72,D,D,F,F,F
204001037,3,Third,70,D,D,F,C,F
204001038,3,Second,80,C+,C+,B,B+,C+
204001039,3,Third,70,D,C,D+,F,D
204001040,1,First,110,A,A,A+,A,A+
204001041,3,Third,68,D+,D+,F,D,D+
204001042,1,First,112,A,A+,A+,A,A
204001043,2,Second,79,B+,B,C,C,B
204001044,2,Second,83,B+,C,C,B+,C
204001045,3,Third,70,F,F,D,D+,D
204001046,3,Third,90,D,C,D+,C,C
204001047,3,Third,86,C,D+,D+,F,C
204001048,3,Second,79,B,C+,B,C+,B+
204001049,3,Third,75,D+,D,D,C,D+
204001050,2,Second,112,C,C+,B+,C+,B
204001051,1,First,102,A+,A,B+,A+,B+
204001052,3,Third,77,D,D,C,D,D
204001053,3,Second,80,B+,C+,C+,B,C
204001054,3,Third,57,D+,F,C,C,D+
204001055,3,Second,85,C,C,C,B+,B+
204001056,3,Third,59,C,C,C,D,F
204001057,1,First,112,A,A,B+,A+,A
204001058,1,First,95,A,A,B+,A,A+
204001059,1,First,120,A,A,B+,A+,A
204001060,3,Second,91,B+,C,C,C+,C+
204001061,3,Third,73,C,D,C,C,F
204001062,3,Third,50,D+,D+,D+,F,D+
204001063,1,First,95,A+,A+,B+,A,A
204001064,1,First,101,A+,A+,A,A+,B+
204001065,3,Third,64,F,C,D+,D,D+
204001066,3,Third,54,F,F,F,D,D
204001067,3,Third,55,D+,F,D,C,C
204001068,3,Third,52,C,D+,D,D,D
204001069,1,First,114,A,A+,A,A+,A
204001070,1,First,96,A+,A,B+,A+,A
204001071,1,First,108,A+,A+,A,A,B+
204001072,3,Third,72,C,D+,F,D,C
204001073,3,Second,115,B+,C,B,C+,C+
204001074,1,First,119,A+,A+,A,A+,B+
204001075,2,Second,90,B+,B+,C+,C,C+
204001076,1,First,90,A+,A,A,A,B+
204001077,3,Third,68,D+,C,D,D,F
204001078,3,Third,51,F,F,C,D+,D+
204001079,1,First,110,A,A+,A+,A+,B+
204001080,1,First,109,A+,A,A+,A+,A
204001081,3,Second,83,C+,C,C+,B+,B
204001082,2,Second,103,C,B+,B+,C+,C+
204001083,3,Second,113,B+,B,C,C+,C
204001084,2,Second,98,B,C+,B,B,B+
204001085,3,Third,75,C,F,F,C,F
204001086,2,Second,81,B,B,B,C+,B
204001087,1,First,119,A,A,A+,A,A
204001088,3,Third,63,D,F,D,D,D
204001089,3,Third,81,D,C,C,D,C
204001090,1,First,93,A,A+,A+,A+,A+
204001091,3,Third,90,C,F,F,F,C
204001092,2,Second,115,C,B+,B,B+,B+
204001093,2,Second,110,C,B,C,B,B+
204001094,3,Second,70,C+,C+,C+,B,B
204001095,2,Second,118,C+,C,B+,C,C
204001096,1,First,91,A+,A+,B+,A+,B+
204001097,3,Third,61,D+,D+,D+,D+,F
204001098,2,Second,105,B,B,C,B,C+
204001099,1,First,106,A+,A,A+,A,A+
204001100,1,First,91,A,A,B+,A,A+
204001101,2,Second,85,B+,C+,B+,B+,C
204001102,1,First,106,A+,A,B+,A,B+
204001103,3,Second,81,B,B,B+,B,C
204001104,3,Third,70,F,D,D,D+,D+
204001105,1,First,116,A+,A,A,A+,B+
204001106,1,First,119,A,A,A+,A+,A
204001107,3,Third,78,F,F,F,D+,F
204001108,3,Third,58,D,D+,D+,D,D+
204001109,3,Third,57,F,F,D,D,C
204001110,1,First,114,A+,A+,A+,A+,A+
204001111,1,First,102,A,A,A+,A+,A+
204001112,1,First,117,A,A,B+,A,A+
204001113,1,First,107,A,A,A,A+,B+
204001114,2,Second,90,C,C,B,B+,B
204001115,3,Second,70,B,B,B,B,B+
204001116,2,Second,70,C+,B+,B,C,C
204001117,3,Third,71,C,D+,C,F,D+
204001118,3,Third,54,F,D+,D,C,D
204001119,3,Second,94,C,C,C+,C,C
204001120,1,First,98,A,A+,A+,A,A
204001121,3,Third,76,D,D,F,D+,D+
204001122,1,First,103,A+,A,A+,A+,A
204001123,1,First,110,A+,A,A+,A,B+
204001124,3,Third,58,F,D,C,D+,D+
204001125,2,Second,72,B+,C,C,B,B+
204001126,1,First,105,A,A,A+,A,A+
204001127,3,Third,55,F,D+,D,C,C
204001128,3,Third,66,F,D+,D,D,F
204001129,3,Second,98,B,B+,C,C,C
204001130,3,Second,91,B,B,C,B,C+
204001131,1,First,117,A+,A+,A,A+,B+
204001132,3,Second,96,C,C,B,B,B+
204001133,3,Second,70,C+,B+,B,B,B+
204001134,3,Third,71,D+,F,D+,D,D
204001135,3,Second,100,C+,B+,B,C+,B
204001136,3,Third,85,C,F,D+,F,C
204001137,2,Second,95,C+,B,B+,B,C
204001138,3,Second,96,B+,C,C+,C+,B+
204001139,3,Second,88,C,B+,B+,B+,B
204001140,1,First,115,A,A+,B+,A+,A+
204001141,1,First,96,A+,A+,A+,A+,A+
204001142,3,Second,70,B+,B,C,B+,B
204001143,2,Second,90,C+,B+,C+,B,C
204001144,1,First,107,A+,A+,A+,A,A
204001145,3,Third,77,D,D+,F,D+,D
204001146,1,First,118,A,A,A,A,A
204001147,3,Third,58,D+,D,D,F,D
204001148,3,Third,70,D+,D,D,C,C
204001149,3,Second,102,C+,C+,C+,C,C
204001150,2,Second,103,B,B+,C,B+,B
204001151,3,Second,77,B,B,B+,B,C+
204001152,1,First,94,A,A,A+,A,A+
204001153,3,Second,91,B+,B,C,C,B
204001154,3,Third,73,D,D,F,D+,D
204001155,3,Third,82,D+,F,D,D,C
204001156,1,First,101,A,A+,B+,A+,B+
204001157,1,First,113,A,A+,A,A,A
204001158,2,Second,93,B+,C,B+,B+,C+
204001159,3,Third,59,F,D,D+,D+,D+
204001160,3,Third,60,F,C,C,F,D
204001161,3,Second,70,C+,C+,B,C,C+
204001162,3,Third,85,D,F,F,D+,D
204001163,3,Second,95,B+,B+,C+,B+,B+
204001164,3,Third,78,F,C,D+,D,D
204001165,3,Third,60,C,D,C,F,C
204001166,3,Third,80,D+,C,D,D,C
204001167,3,Third,78,D+,C,C,C,D
204001168,1,First,92,A,A+,A,A+,A+
204001169,1,First,108,A,A,A+,A,A+
204001170,1,First,115,A,A+,A+,A+,A+
204001171,1,First,109,A,A+,A+,A+,A
204001172,3,Third,65,D+,D+,D+,C,D+
204001173,3,Second,95,C+,C,C+,C+,C
204001174,2,Second,89,B+,C+,C+,B+,B
204001175,3,Third,80,C,D+,D,C,D
204001176,1,First,104,A,A,B+,A,A+
204001177,3,Second,95,C,B+,C,B+,C
204001178,1,First,114,A+,A,A+,A+,A+
204001179,1,First,94,A+,A,B+,A,A+
204001180,3,Third,89,D,D+,D,D,D
204001181,3,Third,77,F,C,D+,D+,D+
204001182,3,Third,76,F,D,C,F,D
204001183,2,Second,88,B+,C,B,B,B+
204001184,3,Third,81,D,F,D+,F,F
204001185,1,First,111,A+,A,A,A,A
204001186,1,First,101,A+,A,A+,A+,A+
204001187,1,First,96,A,A,A,A+,A+
204001188,3,Second,110,C,B,B+,C+,C+
204001189,3,Second,111,B+,C,C+,B,B
204001190,3,Third,74,F,D,D,C,D
204001191,3,Third,65,D+,F,F,D,D+
204001192,3,Third,56,D+,D,D+,F,D
204001193,3,Second,99,B,C+,C+,B+,B
204001194,3,Third,66,F,D,C,D,D+
204001195,1,First,92,A,A,B+,A,A
204001196,1,First,95,A+,A,A,A+,B+
204001197,2,Second,98,B,C,C+,C,C
204001198,1,First,94,A,A,A,A+,B+
204001199,2,Second,86,B,B,B,C,C
204001200,3,Third,53,D+,F,F,F,D+
204001201,1,First,106,A+,A,A,A,A
204001202,1,First,102,A,A,A+,A,B+
204001203,1,First,90,A,A,A,A+,A
204001204,2,Second,110,B+,C,B+,C+,C+
204001205,3,Third,57,D,D,D+,F,F
204001206,3,Third,68,C,D+,D+,C,D+
204001207,2,Second,74,C,C,B,B,B+
204001208,2,Second,106,C,B,C+,B+,B
204001209,3,Second,76,C+,C,C+,B+,B
204001210,3,Third,64,F,D+,D,C,D+
204001211,3,Second,77,B,C,C,C+,B+
204001212,1,First,120,A,A+,A+,A+,A
204001213,1,First,120,A,A,B+,A+,A+
204001214,3,Second,88,C+,C,B+,B,B
204001215,3,Third,65,D+,C,D+,C,F
204001216,3,Third,80,F,D+,D+,C,F
204001217,3,Third,58,C,F,F,D+,F
204001218,2,Second,90,B,C,C+,C,B
204001219,1,First,110,A,A,A,A+,B+
204001220,2,First,107,A+,A,A,A+,A
204001221,3,Second,92,B,B+,B+,C+,B
204001222,1,First,117,A,A+,A,A,A+
204001223,1,First,104,A+,A,A+,A,A
204001224,2,Second,116,B,C+,C,C,C+
204001225,2,Second,108,C,C,C,B+,B+
204001226,3,Third,52,D+,D+,F,D+,D+
204001227,1,First,97,A+,A,A,A+,B+
204001228,3,Third,90,D,D+,F,D,C
204001229,3,Third,62,C,C,C,F,F
204001230,2,Second,107,C+,B,C,B+,C
204001231,1,First,106,A+,A+,A+,A,A
204001232,3,Third,78,D+,D,F,D+,C
204001233,3,Second,108,B,C+,B,B,C+
204001234,3,Third,72,D,D+,D+,D,D
204001235,1,First,119,A+,A+,A,A,B+
204001236,3,Third,75,D,F,D+,C,C
204001237,1,First,98,A+,A+,B+,A,B+
204001238,3,Third,75,C,F,F,D,F
204001239,3,Third,82,F,D,D,D+,C
204001240,3,Third,88,C,D,D+,C,D
204001241,3,Third,50,F,F,D,C,C
204001242,3,Third,74,D,C,D+,F,D+
204001243,1,First,106,A,A,A,A,B+
204001244,1,First,113,A+,A,A+,A+,B+
204001245,3,Third,72,F,D,F,F,C
204001246,2,Second,79,B+,C+,B,C,B+
204001247,3,Third,67,C,C,D,C,D+
204001248,1,First,116,A+,A,B+,A+,A
204001249,3,Third,57,F,F,F,D+,D
204001250,1,First,115,A,A+,A+,A,B+
204001251,3,Second,90,B+,B,B+,B+,C
204001252,2,Second,94,B,C+,B,B,C+
204001253,3,Third,54,C,F,F,D+,D+
204001254,3,Third,50,F,D+,C,F,D+
204001255,2,Second,78,C,C,C+,B+,B+
204001256,3,Third,73,D,F,F,F,C
204001257,3,Third,52,C,C,D+,D+,C
204001258,2,Second,80,B+,B,B+,C+,C
204001259,3,Third,53,C,C,D+,D+,C
204001260,1,First,110,A+,A+,A+,A,B+
204001261,3,Third,82,D+,C,D,F,D+
204001262,1,First,119,A,A+,A+,A+,B+
204001263,1,First,100,A,A,A,A+,A
204001264,1,First,90,A+,A,A,A,A
204001265,3,Second,96,C,C,C+,C+,C
204001266,2,Second,88,C,C+,B+,C,B
204001267,3,Second,89,C,B+,B+,B+,C+
204001268,3,Third,70,D,D+,D,D,C
204001269,3,Third,60,D+,D,D,D,D+
204001270,3,Third,53,F,D,D+,D,D
204001271,1,First,120,A,A+,B+,A+,A
204001272,2,Second,106,C,C+,B,C,B
204001273,3,Second,85,B+,C,C,C,C
204001274,3,Second,117,B,C,B+,B,B
204001275,3,Third,77,D,D,F,F,C
204001276,3,Third,53,C,D+,C,D,D
204001277,1,First,111,A+,A+,A,A,B+
204001278,1,First,108,A+,A,B+,A,A+
204001279,3,Third,82,F,D+,C,F,F
204001280,1,First,106,A,A+,A+,A,A
204001281,2,Second,99,B+,B+,C+,B,B
204001282,3,Second,90,B,B,C,C+,C+
204001283,1,First,108,A,A+,A,A,B+
204001284,3,Third,70,F,F,F,F,F
204001285,2,Second,91,B+,C,C,B,C+
204001286,3,Third,84,D+,C,D+,D+,C
204001287,3,Third,64,D,C,C,C,C
204001288,3,Third,69,F,C,F,D,F
204001289,3,Third,68,D+,F,C,D,F
204001290,3,Second,105,C+,C,C,C+,B+
204001291,1,First,113,A+,A,A+,A+,B+
204001292,3,Third,90,C,C,D,D+,F
204001293,3,Second,75,B,C+,B,B+,C
204001294,3,Second,116,B,B,B+,B,C
204001295,2,Second,100,B+,C,B,C,B
204001296,3,Third,51,D+,D,D,F,C
204001297,3,Second,75,B+,C,B+,C+,C
204001298,3,Third,57,C,C,D+,C,F
204001299,2,Second,84,C+,C+,B,C,B+
204001300,1,First,96,A+,A+,A+,A+,A+
204001301,2,Second,77,B+,C+,C+,B,C
204001302,3,Second,83,B+,B,B+,C+,C
204001303,1,First,96,A+,A+,A+,A+,A
204001304,3,Third,82,D+,F,C,F,D
204001305,1,First,91,A,A+,B+,A+,B+
204001306,3,Third,62,F,F,D+,C,D+
204001307,2,Second,81,C+,B+,C,B,B
204001308,1,First,101,A+,A,B+,A,B+
204001309,3,Second,103,C,B+,B,C,C+
204001310,1,First,103,A+,A,A+,A+,A
204001311,1,First,116,A+,A+,A+,A+,A+
204001312,3,Second,92,B+,B+,C+,C+,B
204001313,3,Third,69,C,D,F,C,D+
204001314,1,First,107,A+,A,A,A,B+
204001315,1,First,93,A,A,A,A+,B+
204001316,3,Third,63,C,D+,D,D,D
204001317,1,First,104,A,A+,A,A+,B+
204001318,2,Second,89,C,C+,C+,B,B+
204001319,1,First,118,A+,A+,A,A,A+
204001320,3,Third,53,F,D+,F,F,D
204001321,3,Third,73,F,F,C,D+,D+
204001322,3,Third,80,C,C,D+,C,D+
204001323,3,Second,99,C,C,C,B+,C
204001324,3,Third,65,D+,D+,F,C,C
204001325,3,Third,63,F,D+,D,F,D
204001326,3,Third,79,D,D+,D+,D+,F
204001327,1,First,100,A+,A+,A,A+,B+
204001328,3,Second,86,C+,C+,C,B,B
204001329,3,Third,79,D,D+,D,C,D+
204001330,3,Second,72,B,B+,B+,C+,C
204001331,1,First,102,A,A,A+,A,A
204001332,1,First,108,A,A+,A,A+,A
204001333,2,Second,99,B,B+,B,B,C
204001334,2,Second,109,B,B,B,C,C
204001335,3,Second,115,C+,B+,C+,B+,B+
204001336,1,First,108,A,A,A,A,A+
204001337,1,First,105,A+,A+,A,A,B+
204001338,3,Third,71,C,D+,D,D,D
204001339,3,Second,86,B,C+,C+,B,B
204001340,1,First,107,A+,A,A,A,A+
204001341,3,Third,87,C,D,F,F,D
204001342,2,First,114,A+,A+,B+,A,A+
204001343,3,Second,108,B,C,C,C+,C+
204001344,3,Second,115,B+,C,B,C,B
204001345,2,Second,92,B,C+,B+,B+,C
204001346,3,Second,93,B,C,B+,C,B
204001347,1,First,98,A,A+,A,A,A
204001348,3,Third,63,D+,D+,C,D+,C
204001349,3,Third,52,F,D,D+,C,D
204001350,1,First,112,A+,A+,B+,A,A+
204001351,2,Second,108,B,C+,B+,B+,C
204001352,3,Third,58,C,D,D,D,D
204001353,1,First,109,A+,A+,B+,A+,B+
204001354,3,Third,90,D+,D+,F,D,D
204001355,3,Third,77,C,D,C,F,F
204001356,1,First,111,A,A,A+,A,A+
204001357,1,First,117,A+,A,A,A,A+
204001358,1,First,94,A+,A,A,A,A
204001359,3,Second,89,C+,C+,B+,B+,B
204001360,1,First,112,A,A+,A,A,B+
204001361,2,Second,101,C+,B,C+,B+,B+
204001362,2,Second,103,B,C,B,C+,C+
204001363,2,Second,104,C+,C+,C,B,C+
204001364,3,Third,77,D+,F,C,F,D
204001365,3,Third,74,D,D+,D+,D,C
204001366,1,First,99,A+,A+,A,A+,A+
204001367,3,Third,64,D,C,F,F,C
204001368,1,First,93,A+,A,A,A+,A
204001369,2,First,114,A,A+,B+,A,A
204001370,1,First,118,A+,A+,B+,A+,A+
204001371,3,Third,58,F,D,D+,D,C
204001372,2,Second,103,B,B+,C,B,C+
204001373,3,Second,119,C+,B+,B+,C+,C
204001374,3,Third,82,F,F,D,D+,D+
204001375,3,Third,52,D+,D+,F,F,D+
204001376,3,Third,61,D,D+,F,C,D
204001377,1,First,102,A+,A+,A+,A+,A+
204001378,1,First,119,A+,A,A,A+,A
204001379,1,First,104,A+,A,A+,A,B+
204001380,1,First,111,A,A,A,A+,A+
204001381,1,First,111,A+,A,B+,A+,B+
204001382,3,Third,67,D,D,C,C,D
204001383,1,First,119,A+,A,A,A+,B+
204001384,2,Second,87,C+,B,C+,C+,C
204001385,3,Third,72,F,D,D,D,C
204001386,3,Second,114,B+,C,C,C,B
204001387,3,Second,85,C+,C,B,C,B+
204001388,1,First,117,A+,A,A+,A+,B+
204001389,1,First,120,A,A,A,A+,A+
204001390,3,Third,50,F,D+,D,F,F
204001391,3,Third,54,D+,D,C,F,D
204001392,3,Third,76,C,D+,D+,D,D
204001393,1,First,120,A,A,A,A,A
204001394,1,First,98,A,A+,B+,A+,B+
204001395,3,Third,57,D,C,C,D+,C
204001396,3,Second,113,C+,B,B,C,B
204001397,3,Second,112,C+,C,C+,C+,B
204001398,3,Second,71,C,B,C+,C+,C+
204001399,2,Second,73,C,C,B+,C,C
204001400,1,First,103,A+,A,B+,A+,A+
204001401,3,Third,50,D,F,F,F,C
204001402,1,First,116,A+,A,A,A,A
204001403,1,First,94,A+,A,A+,A+,A
204001404,3,Third,61,D+,C,C,D+,D+
204001405,3,Third,83,D+,C,D,C,D
204001406,1,First,107,A,A+,B+,A,B+
204001407,3,Third,52,F,D+,D+,C,D+
204001408,2,Second,100,C+,B,B,C+,C
204001409,3,Third,55,C,D+,D,D,D+
204001410,1,First,106,A,A,B+,A+,A+
204001411,1,First,119,A+,A+,A,A,B+
204001412,1,First,102,A,A,A+,A+,B+
204001413,3,Third,66,D+,D+,D+,F,D+
204001414,2,Second,71,B+,C+,B,B,C
204001415,1,First,112,A,A,B+,A+,B+
204001416,1,First,94,A,A,B+,A+,B+
204001417,2,Second,116,B+,B+,C+,C,C+
204001418,3,Third,69,D+,D+,F,D+,D
204001419,1,First,113,A,A+,B+,A,A+
204001420,1,First,117,A,A+,A+,A+,B+
204001421,1,First,107,A+,A,B+,A,A
204001422,3,Third,61,F,C,D,F,F
204001423,1,First,103,A+,A,A,A,B+
204001424,1,First,97,A,A,A+,A,A
204001425,2,Second,88,C,B,C+,C,C+
204001426,1,First,116,A+,A,A,A+,A
204001427,1,First,109,A+,A,A,A+,B+
204001428,3,Third,77,D,F,D+,C,D+
204001429,3,Third,63,D,F,F,D+,C
204001430,3,Second,113,C,B+,B,C+,B+
204001431,1,First,106,A+,A,A,A+,A
204001432,3,Third,55,D,D+,D+,D+,F
204001433,1,First,100,A+,A,A+,A+,B+
204001434,1,First,104,A+,A+,A,A,B+
204001435,3,Third,60,C,D+,D+,C,D
204001436,3,Third,80,D,D+,C,C,F
204001437,1,First,103,A,A+,A+,A+,A
204001438,2,Second,81,B+,C,C+,C,B+
204001439,3,Second,80,B+,C+,B+,B,C
204001440,1,First,102,A,A,A+,A+,B+
204001441,1,First,106,A,A,A+,A,B+
204001442,3,Third,82,D+,C,F,D+,F
204001443,3,Third,68,D+,D,D+,F,F
204001444,3,Third,81,C,F,F,F,F
204001445,3,Third,55,F,C,D+,F,D+
204001446,3,Third,66,C,C,C,F,D+
204001447,1,First,107,A+,A,A+,A+,A+
204001448,3,Third,86,D,D+,D,D,D
204001449,1,First,96,A,A+,A+,A,A+
204001450,3,Second,106,B,B,B,C,C+
204001451,3,Third,81,F,D,D,D,C
204001452,1,First,107,A+,A+,A,A+,B+
204001453,3,Third,83,D+,D,F,C,D+
204001454,2,Second,99,C+,B+,B,B,C
204001455,1,First,118,A+,A,A+,A,B+
204001456,1,First,113,A+,A+,B+,A+,A
204001457,1,First,101,A+,A+,A+,A+,A+
204001458,3,Third,72,F,F,F,C,D+
204001459,1,First,90,A+,A+,A,A,A+
204001460,3,Second,109,B,B,C,C,C+
204001461,2,Second,76,C+,C,C,C+,C
204001462,3,Third,81,F,D+,D+,C,D+
204001463,1,First,94,A,A,A+,A+,A
204001464,3,Second,94,C+,C+,C+,B+,C+
204001465,3,Third,78,F,C,D,F,D+
204001466,1,First,98,A+,A+,A+,A+,A
204001467,3,Third,75,F,F,D+,F,D
204001468,1,First,103,A,A+,A+,A,B+
204001469,3,Third,60,F,D+,F,D,D+
204001470,1,First,103,A+,A,A,A+,A+
204001471,2,Second,99,C+,B+,B,C,C
204001472,3,Third,90,D+,F,D+,C,D+
204001473,3,Third,51,C,F,D,C,D+
204001474,3,Third,80,F,D,F,D,D+
204001475,1,First,108,A,A,A+,A+,A+
204001476,2,Second,117,B+,C+,B,C+,C
204001477,3,Third,62,C,F,F,D,D
204001478,3,Second,73,B+,B,C,C,B+
204001479,2,Second,89,C,C+,B,C+,B+
204001480,1,First,112,A+,A+,A+,A,A
204001481,3,Third,53,F,F,D+,F,D
204001482,2,Second,88,C+,B+,C+,B,B+
204001483,3,Third,75,C,F,D,D,D
204001484,3,Third,83,F,F,D,C,C
204001485,3,Second,97,C+,B,C+,B+,B+
204001486,1,First,94,A,A+,A+,A,A+
204001487,3,Third,71,D+,C,D,D,D
204001488,2,Second,73,C+,B,C+,B+,C+
204001489,1,First,110,A,A+,B+,A+,A
204001490,1,First,113,A,A,B+,A+,A+
204001491,3,Second,104,C,C,B+,B,B
204001492,3,Second,73,C+,C,B,B,B+
204001493,1,First,117,A+,A,B+,A+,A
204001494,3,Second,111,B,C,B,C+,B
204001495,3,Third,72,D,F,D+,C,F
204001496,1,First,107,A+,A,A,A+,A
204001497,3,Second,103,C,C,B+,C,B
204001498,3,Third,52,F,F,F,C,D
204001499,3,Second,110,C,B+,B,B,B
204001500,1,First,102,A+,A,A+,A+,A+
204001501,3,Third,90,D+,D+,D+,F,D+
204001502,3,Third,65,C,D+,D+,C,D+
204001503,1,First,90,A+,A,B+,A+,A
204001504,3,Second,95,B+,B,B+,B,B+
204001505,1,First,114,A,A+,B+,A,A+
204001506,3,Third,82,D,C,C,F,F
204001507,3,Second,110,B+,C+,B,B+,C+
204001508,1,First,115,A,A+,A+,A,B+
204001509,1,First,118,A,A,A,A,A
204001510,2,Second,90,C,B,B+,B+,B+
204001511,2,Second,104,C+,B,C,B+,C+
204001512,3,Third,85,C,D,F,D,D
204001513,3,Third,71,C,D,D,D,D+
204001514,3,Third,59,D+,C,D+,D,D+
204001515,3,Third,64,C,D,D+,D+,D
204001516,2,Second,72,C,B+,B+,C,C+
204001517,2,Second,111,C,C+,B+,C,B
204001518,3,Second,107,C+,B,B+,C+,C+
204001519,3,Second,85,C,B+,B,B,C
204001520,1,First,105,A+,A+,A+,A,B+
204001521,2,Second,74,C,C+,B+,C+,B+
204001522,3,Third,90,D,D,D+,D,C
204001523,2,Second,106,B,C,B+,C+,C
204001524,1,First,104,A+,A+,B+,A,B+
204001525,1,First,118,A,A,A+,A+,A+
204001526,3,Third,84,D,D,C,D+,D+
204001527,1,First,95,A,A+,B+,A+,A+
204001528,3,Third,82,C,F,F,C,F
204001529,1,First,118,A,A+,A,A,A+
204001530,3,Third,70,F,F,D+,C,D+
204001531,3,Second,113,C,B+,B+,B+,C+
204001532,2,Second,115,C+,B,C,C+,C+
204001533,2,Second,117,B+,B+,C,B+,B
204001534,2,Second,85,C,C+,C,C+,B
204001535,3,Third,66,D+,C,D,F,C
204001536,3,Second,119,B+,C+,B+,B,B+
204001537,3,Third,68,D,D,F,D+,D
204001538,3,Third,75,F,F,D,D,C
204001539,3,Second,94,B,B,B,B,C
204001540,3,Second,109,B+,C,C+,B,C+
204001541,2,Second,76,C+,C+,B+,C+,C+
204001542,3,Second,102,C+,C+,C+,B,B
204001543,3,Second,75,C,C,C+,B,B+
204001544,2,Second,113,B,B,C,B,C+
204001545,3,Second,90,C+,B,B+,B+,B
204001546,1,First,119,A,A,A,A+,A+
204001547,3,Third,55,C,C,C,C,C
204001548,1,First,102,A+,A,A+,A+,A+
204001549,1,First,103,A,A+,A,A+,B+
204001550,3,Second,73,C+,C,C,C,C
204001551,3,Third,51,D+,D,F,D+,D+
204001552,3,Third,87,D,D+,D+,C,D
204001553,3,Second,116,B,B+,B,C,C+
204001554,1,First,101,A+,A,B+,A+,A
204001555,2,Second,118,B+,B,B+,B,C+
204001556,1,First,99,A+,A+,A,A,B+
204001557,1,First,109,A+,A,A+,A+,A
204001558,3,Second,111,C,C,B,B+,B
204001559,1,First,111,A+,A,B+,A,A+
204001560,3,Third,73,C,D,D,D,D
204001561,3,Second,71,C+,B,C,B,B
204001562,2,Second,111,C+,C,C,C,B+
204001563,3,Second,100,B+,C,C,B,B+
204001564,3,Second,81,B,C,B,C,B
204001565,1,First,99,A+,A+,A,A,B+
204001566,3,Third,61,C,C,F,D,D
204001567,2,Second,77,C+,C+,B+,C+,C
204001568,1,First,113,A+,A,B+,A,B+
204001569,1,First,120,A,A+,B+,A+,A+
204001570,3,Third,79,F,D,C,D,D
204001571,3,Second,95,B+,C,C,C+,C
204001572,1,First,105,A+,A+,B+,A+,A+
204001573,1,First,96,A+,A+,B+,A,B+
204001574,1,First,111,A+,A,A,A,A+
204001575,1,First,92,A+,A,A,A,B+
204001576,1,First,95,A,A+,A+,A,A
204001577,3,Second,75,C+,C,B,B+,B+
204001578,1,First,119,A+,A,B+,A+,B+
204001579,1,First,106,A+,A,A,A,A
204001580,1,First,99,A,A,A+,A+,B+
204001581,2,Second,81,B,B,B,C,B
204001582,1,First,118,A,A,A,A,A+
204001583,3,Second,102,B+,C,C+,C,C
204001584,3,Third,66,D,D+,C,D,D+
204001585,1,First,91,A+,A+,B+,A,A+
204001586,3,Third,57,C,F,C,D,D
204001587,3,Third,78,F,C,D,F,F
204001588,1,First,96,A,A+,A,A,A
204001589,1,First,100,A,A,B+,A,A
204001590,1,First,97,A,A,B+,A,A
204001591,3,Third,82,F,F,F,F,C
204001592,2,Second,107,C,B,B,B,B
204001593,3,Third,71,D+,D,F,D+,D+
204001594,3,Second,113,C+,B,B+,B+,B+
204001595,2,Second,87,B,C,B,C+,C+
204001596,2,Second,111,B+,B+,B+,B,C+
204001597,1,First,93,A+,A,B+,A+,A
204001598,2,Second,93,C+,C+,B+,B,C+
204001599,3,Third,79,D,D,C,F,D+
204001600,2,Second,92,B,C,C+,B,C+
204001601,2,Second,77,B,B+,B+,C,B
204001602,1,First,110,A,A+,A,A+,A+
204001603,3,Second,110,B,C+,C+,C,C+
204001604,3,Third,77,D+,F,D,D+,F
204001605,2,Second,108,B+,C,C,C,B+
204001606,1,First,114,A,A,B+,A+,A
204001607,3,Second,91,B,B+,C+,C+,C+
204001608,2,Second,71,B+,B+,C+,C+,C+
204001609,3,Second,109,B+,B+,B+,C+,B
204001610,1,First,98,A+,A,B+,A,B+
204001611,2,Second,96,C,C,B,C,C+
204001612,3,Second,93,C+,C,C,B,B
204001613,1,First,120,A+,A,A,A,B+
204001614,3,Second,101,C,C+,C+,B,B
204001615,3,Third,79,D,F,C,C,F
204001616,3,Third,81,D+,D+,C,C,D+
204001617,3,Second,71,C,C+,B,C+,B+
204001618,1,First,120,A+,A+,A,A+,A
204001619,1,First,102,A+,A+,B+,A,A+
204001620,3,Third,72,D,D,D,C,D
204001621,1,First,100,A,A,B+,A,A
204001622,3,Second,106,B+,B,B+,B+,B
204001623,3,Third,64,D,C,D+,D,D+
204001624,1,First,104,A+,A+,A+,A+,B+
204001625,2,Second,114,C+,C,B+,B,B
204001626,1,First,120,A+,A,B+,A,A
204001627,1,First,108,A,A,B+,A+,B+
204001628,2,Second,117,B,B+,B+,B+,C+
204001629,3,Second,100,C+,B+,C+,B+,C
204001630,1,First,120,A,A,A+,A,A+
204001631,3,Third,66,D+,D,D,D,C
204001632,1,First,100,A,A,A,A,A+
204001633,3,Third,55,D,D+,D,D+,D+
204001634,1,First,112,A,A,B+,A+,A
204001635,2,Second,79,B,C,B+,B,B
204001636,3,Third,75,C,D,D+,D,D
204001637,1,First,114,A,A,B+,A,A+
204001638,2,Second,78,C+,B,B+,B+,C
204001639,2,Second,93,C,C,B,B,B
204001640,1,First,110,A,A+,A+,A+,A
204001641,3,Second,73,B,B+,B,B+,B
204001642,3,Third,62,D+,C,D+,D,F
204001643,3,Third,67,F,D,F,C,C
204001644,3,Second,118,C,C+,B,B+,C+
204001645,1,First,104,A+,A+,B+,A,B+
204001646,3,Third,82,D,F,C,D,D+
204001647,1,First,95,A,A+,A,A,A
204001648,1,First,91,A+,A+,B+,A+,B+
204001649,2,Second,86,C+,C,C,B,C
204001650,1,First,120,A,A,B+,A+,A
204001651,2,Second,79,B+,C+,C+,C,C
204001652,2,Second,78,C,B,B+,C+,C
204001653,3,Second,80,C+,B,B+,B+,C+
204001654,3,Third,62,C,D,F,F,D+
204001655,3,Second,85,B,C+,B,B+,B+
204001656,3,Third,56,D+,D,D,D+,F
204001657,3,Second,108,B,C+,C,B,C+
204001658,3,Third,59,F,D+,C,F,D
204001659,1,First,120,A,A+,A+,A+,B+
204001660,3,Third,55,C,F,C,D+,D
204001661,3,Third,50,C,D,D+,D+,F
204001662,1,First,109,A,A+,A+,A+,A+
204001663,2,First,106,A,A,A,A,A
204001664,3,Second,74,C,B,C+,C+,B+
204001665,2,Second,89,B,C+,C+,C,B+
204001666,1,First,119,A,A,B+,A,A
204001667,1,First,107,A+,A,A,A+,B+
204001668,2,Second,80,C+,B,C+,C,B
204001669,3,Third,71,C,F,D+,D+,D+
204001670,2,Second,100,B,B,C+,C,C+
204001671,2,Second,97,C+,B,C,C+,B+
204001672,3,Third,50,F,D,C,D,F
204001673,3,Third,84,F,C,D+,D+,F
204001674,3,Third,89,F,D,F,D,D+
204001675,2,Second,106,C+,B,C+,C,B
204001676,2,Second,72,C+,B+,C,B+,C+
204001677,1,First,111,A+,A,A,A,A
204001678,3,Third,86,F,D,F,F,D+
204001679,3,Third,50,D,F,C,D,D
204001680,3,Second,104,B,B+,B+,B,B+
204001681,1,First,95,A,A,B+,A+,B+
204001682,1,First,99,A+,A,A+,A+,A+
204001683,1,First,94,A+,A+,A,A+,A
204001684,3,Third,59,D+,F,F,D,D+
204001685,1,First,97,A+,A,A,A,A+
204001686,3,Third,65,C,C,F,C,C
204001687,1,First,98,A+,A+,B+,A+,A+
204001688,2,Second,111,C+,B,B,C,B+
204001689,1,First,92,A+,A,A,A+,B+
204001690,3,Second,101,C+,C,C,C,C
204001691,2,Second,75,B+,B+,C,B+,C
204001692,1,First,109,A+,A,A,A+,A
204001693,1,First,98,A,A,A+,A+,B+
204001694,3,Third,58,D,D,D,C,D+
204001695,3,Second,113,C,C+,B+,B+,B
204001696,3,Third,51,D,D,F,D+,F
204001697,3,Second,93,B,C,C+,B+,B+
204001698,3,Third,55,D,F,D,D+,D+
204001699,1,First,106,A+,A,A+,A,A
204001700,2,Second,110,B+,B,B,C,C+
204001701,1,First,99,A+,A+,A,A+,B+
204001702,3,Third,65,C,D+,F,D,F
204001703,1,First,99,A+,A,A,A,A
204001704,3,Third,63,D,D,C,F,D
204001705,1,First,106,A+,A+,A,A,A
204001706,1,First,115,A+,A,A+,A+,B+
204001707,2,Second,72,B,B+,C,C,B
204001708,1,First,95,A,A,A+,A+,A+
204001709,1,First,120,A+,A,A,A,B+
204001710,1,First,94,A,A+,A,A,A+
204001711,3,Third,69,C,D,C,D+,C
204001712,3,Second,89,B+,C,C,B,B+
204001713,1,First,93,A+,A,A+,A,A
204001714,3,Second,92,B,C+,C,C+,C+
204001715,1,First,96,A,A+,A+,A+,A
204001716,3,Second,115,C+,C+,B,B+,B
204001717,2,Second,100,C,B+,C,C+,C
204001718,3,Second,107,B+,B+,C,C,B
204001719,2,Second,114,B,C+,B,C+,B+
204001720,3,Third,69,C,F,D,F,D
204001721,3,Third,73,D+,F,C,F,F
204001722,3,Second,120,C,C+,C+,C+,B+
204001723,3,Third,77,D,F,D,D,D+
204001724,1,First,116,A,A+,A+,A,A+
204001725,3,Second,119,C+,C,C+,B+,C
204001726,3,Third,86,F,D+,D,F,C
204001727,2,Second,85,B,B+,B,B,C
204001728,3,Third,62,C,D,F,C,F
204001729,3,Third,83,F,D+,D,F,D
204001730,1,First,99,A+,A+,A+,A,A
204001731,1,First,100,A+,A+,B+,A+,B+
204001732,2,Second,99,B+,C,C,C,C
204001733,3,Third,57,D+,D+,D+,D,D
204001734,3,Third,70,F,C,D,D+,D
204001735,1,First,115,A,A+,A+,A,A+
204001736,1,First,94,A,A,A+,A+,A
204001737,3,Third,57,F,D,D,F,C
204001738,3,Second,96,B,C,B+,C+,B+
204001739,2,Second,96,C,B,B+,B,C
204001740,3,Third,77,F,D,F,D,C
204001741,3,Third,78,D,F,C,D,D+
204001742,3,Second,76,B,C,B+,B+,C
204001743,2,Second,76,C,C,B,B+,B
204001744,1,First,116,A,A+,B+,A+,B+
204001745,1,First,97,A,A,A,A+,B+
204001746,1,First,119,A+,A+,A,A,A+
204001747,2,Second,84,C,C+,C+,C,C
204001748,3,Second,95,B+,B+,B+,C,B
204001749,3,Third,50,F,D+,F,D+,D
204001750,3,Second,70,B+,C,B+,C+,B+
204001751,1,First,111,A,A+,A+,A,A
204001752,3,Third,86,D,D,D,D+,C
204001753,1,First,105,A+,A,B+,A+,B+
204001754,1,First,95,A+,A+,B+,A,B+
204001755,3,Second,83,C,B,C,B,C
204001756,3,Second,98,C+,C,B+,C,B
204001757,3,Second,115,C+,C+,C,B+,B
204001758,3,Third,77,F,F,F,D+,C
204001759,2,Second,120,B+,B,C+,C+,C
204001760,3,Third,77,D+,D+,F,D+,C
204001761,1,First,111,A+,A+,A,A+,A
204001762,2,Second,104,B+,B+,B,B,C
204001763,1,First,93,A+,A+,A+,A,A
204001764,3,Second,112,C+,B+,B+,B,C
204001765,3,Third,63,F,D+,C,D,C
204001766,1,First,106,A+,A,B+,A+,A
204001767,2,Second,94,C,B+,C+,C+,C+
204001768,2,Second,75,C,B+,B+,B,B
204001769,3,Third,65,D+,D+,D+,F,F
204001770,2,Second,83,C,C,C,B,B
204001771,1,First,112,A+,A,A+,A,B+
204001772,1,First,104,A+,A+,A,A,B+
204001773,3,Third,65,F,F,C,C,C
204001774,3,Third,83,F,D+,D+,F,C
204001775,2,Second,107,C,C+,C+,C+,C+
204001776,2,Second,104,C+,B+,C,C+,B+
204001777,1,First,95,A,A+,A+,A,A
204001778,3,Second,112,C+,B,B,C,B
204001779,1,First,101,A,A+,A+,A,B+
204001780,3,Third,70,D,C,F,D+,F
204001781,3,Second,74,C+,C+,C,C+,B+
204001782,1,First,120,A+,A,B+,A,A
204001783,1,First,101,A,A,A+,A+,A+
204001784,2,Second,83,C+,B+,B+,C+,B+
204001785,3,Third,82,F,F,C,D+,D
204001786,3,Second,82,B+,B,B,C,B+
204001787,3,Third,73,C,F,F,F,D
204001788,1,First,119,A,A+,A,A+,B+
204001789,3,Third,86,D,F,D,F,F
204001790,1,First,90,A+,A,A+,A+,B+
204001791,2,Second,71,B+,B,B,C+,C+
204001792,2,Second,86,B,C,C,B+,B
204001793,1,First,97,A,A,B+,A+,B+
204001794,3,Second,73,B,B+,B+,C,B+
204001795,3,Third,52,F,C,D,D+,D
204001796,3,Second,112,B+,C+,C+,C+,B+
204001797,3,Second,102,B,B,C,B,C+
204001798,2,Second,120,B,C+,B,C,B
204001799,3,Second,110,B,C,C+,B+,B
204001800,3,Second,83,B,B,B+,B,B+
204001801,1,First,92,A+,A,B+,A+,A
204001802,2,Second,109,B,B,B+,B+,C+
204001803,3,Third,75,C,D+,D+,F,D+
204001804,1,First,102,A+,A,A+,A+,A+
204001805,1,First,117,A,A+,A+,A,B+
204001806,3,Second,82,B,B,B+,C+,C
204001807,1,First,97,A,A,B+,A,B+
204001808,3,Third,55,C,D,C,F,F
204001809,3,Second,82,C,C,B+,C+,B+
204001810,3,Third,62,F,D,D,D+,F
204001811,3,Third,73,F,D,C,C,F
204001812,3,Third,89,D,D,F,C,C
204001813,2,Second,111,C,C,C+,C+,C
204001814,2,Second,76,B+,B,C+,C+,B+
204001815,3,Third,85,D+,D,D+,D,F
204001816,1,First,106,A+,A+,A,A+,A
204001817,3,Second,95,C,C,B,C+,B
204001818,3,Third,66,D,D+,D+,C,F
204001819,1,First,111,A+,A,B+,A,A
204001820,1,First,93,A+,A,A+,A,B+
204001821,3,Third,90,D,D,C,D,D
204001822,3,Third,59,D,F,D,C,D+
204001823,3,Third,61,C,D+,D+,D,D+
204001824,2,Second,112,C+,C+,C,C+,C+
204001825,3,Third,72,D+,C,D,F,D+
204001826,3,Third,66,F,F,F,D,D+
204001827,3,Third,86,C,F,F,D,D
204001828,1,First,117,A,A,A+,A,B+
204001829,1,First,100,A,A,A+,A+,A+
204001830,1,First,112,A+,A+,B+,A,A+
204001831,2,Second,104,B,B+,C,B,C
204001832,1,First,119,A,A,B+,A+,A
204001833,3,Second,101,C+,B,C,C+,B+
204001834,1,First,92,A+,A+,A,A,A+
204001835,1,First,112,A,A+,B+,A,A
204001836,3,Third,89,D+,D+,D+,D+,D
204001837,3,Third,75,F,F,C,F,F
204001838,3,Third,51,C,D+,D,D+,F
204001839,1,First,98,A,A+,A,A+,A
204001840,3,Third,71,C,D+,F,F,F
204001841,2,Second,102,B,B+,B,C+,C+
204001842,3,Third,63,D,C,D,D,D+
204001843,2,Second,79,C+,C+,B,B,C+
204001844,1,First,112,A+,A+,A+,A+,A+
204001845,3,Third,56,C,D,D+,D,D
204001846,3,Third,72,F,C,D+,D,D+
204001847,1,First,97,A,A+,A+,A+,A+
204001848,3,Third,50,C,D+,F,D,D+
204001849,1,First,120,A+,A+,A,A+,A
204001850,1,First,102,A,A,B+,A+,A
204001851,2,Second,104,B+,C+,B,C,C
204001852,3,Third,77,F,D+,F,D,C
204001853,3,Third,86,D+,D,C,C,C
204001854,3,Third,64,D+,D,D+,D,D
204001855,3,Second,70,B,C+,B+,C,C+
204001856,2,Second,101,B+,C,C,C,C
204001857,3,Third,59,C,D,D,D+,C
204001858,1,First,110,A,A,B+,A,B+
204001859,3,Third,60,F,D+,F,F,C
204001860,1,First,94,A,A+,B+,A+,A+
204001861,3,Third,50,C,C,C,D,F
204001862,1,First,90,A,A+,A+,A+,A
204001863,3,Third,64,F,D,F,F,F
204001864,3,Second,77,C+,B+,C,B,C
204001865,3,Second,119,C,C,C,B+,B
204001866,3,Third,80,D+,D+,C,D,C
204001867,1,First,93,A,A,B+,A,A+
204001868,2,Second,99,C,B+,C+,B,C+
204001869,1,First,114,A+,A+,A+,A+,B+
204001870,1,First,93,A,A+,A+,A,B+
204001871,1,First,120,A,A,A+,A,A+
204001872,2,Second,78,B,B,C,B,B
204001873,3,Second,78,B+,C,B+,B,B+
204001874,2,Second,113,C,B,C,B,C+
204001875,1,First,99,A,A,A,A+,A
204001876,3,Second,79,C,C,B+,C+,B
204001877,3,Second,118,C+,B,B+,C,C+
204001878,2,Second,84,C+,B,C+,C+,C
204001879,3,Third,68,D+,D,C,D,D
204001880,1,First,99,A,A,A+,A+,B+
204001881,3,Third,75,D,F,D,D+,F
204001882,1,First,90,A+,A+,B+,A+,A
204001883,3,Second,106,B,B,B,B+,C+
204001884,3,Second,76,C+,B,B,B+,B+
204001885,2,Second,97,B,B+,B+,C,B
204001886,2,Second,112,B+,C,C+,B,C+
204001887,1,First,103,A,A+,A,A,A
204001888,1,First,103,A,A,A,A,A
204001889,3,Third,56,D+,C,D,D,C
